user,movie,is_appreciated
5,4995,True
5,5299,True
5,5349,True
5,5679,True
5,5995,True
5,6377,True
5,6502,True
5,6942,True
5,8376,True
5,8636,True
5,8644,True
5,30707,True
5,30749,True
5,33166,True
5,35836,True
5,40819,True
6,5952,True
6,7153,True
6,7361,True
6,8636,True
6,8874,True
7,671,True
7,924,True
8,4963,True
8,4973,True
8,5445,True
8,5952,True
8,6377,True
8,6874,True
8,7153,True
8,7361,True
8,7438,True
8,8784,True
8,33166,True
8,33493,True
8,33794,True
11,48516,True
11,79132,True
11,91529,True
13,4306,True
13,4878,True
13,4993,True
13,5989,True
13,6377,True
13,7361,True
13,58559,True
13,64614,True
13,69757,True
13,78499,True
13,81834,True
13,88125,True
15,924,True
15,4239,False
15,4246,False
15,4306,False
15,4308,False
15,4370,False
15,4848,False
15,4878,True
15,4886,True
15,4896,False
15,4963,True
15,4973,False
15,4979,True
15,4993,True
15,4995,False
15,5010,True
15,5218,False
15,5299,False
15,5349,False
15,5377,True
15,5418,False
15,5445,True
15,5481,False
15,5502,False
15,5618,False
15,5669,True
15,5679,True
15,5816,False
15,5902,True
15,5952,True
15,5991,False
15,5995,True
15,6016,False
15,6365,False
15,6377,False
15,6863,False
15,6874,False
15,6934,False
15,7147,False
15,7153,False
15,7254,False
15,7361,True
15,7438,False
15,8368,False
15,8644,False
15,8784,False
15,8949,True
15,8961,False
15,27773,False
15,30707,False
15,30749,False
15,33493,True
15,33794,True
15,34405,False
15,40815,False
15,44555,False
15,45722,False
15,46578,False
15,48394,False
15,48774,True
15,48780,True
15,49272,True
15,51255,False
15,51662,False
15,55820,False
15,56367,False
15,57669,False
15,58559,True
15,59315,True
15,60069,True
15,63082,False
15,68358,True
15,68954,False
15,70286,True
15,72998,True
15,73017,False
15,74458,False
15,78499,False
15,79132,True
15,80463,False
15,81834,False
15,99114,False
15,109374,False
15,112852,True
15,116797,False
16,4246,True
16,4995,True
16,5445,True
16,6016,True
16,6711,True
17,924,True
17,4246,False
17,4848,True
17,4878,True
17,4896,False
17,4963,True
17,4973,True
17,4993,True
17,5299,False
17,5349,False
17,5445,True
17,5502,False
17,5669,True
17,5679,True
17,5952,True
17,6016,True
17,6365,False
17,6378,False
17,6711,False
17,6874,True
17,7153,True
17,7254,True
17,7361,True
17,7438,True
17,8644,False
17,27773,True
17,32587,True
19,924,True
20,671,True
20,4993,True
20,7153,True
21,924,True
22,4239,False
22,4306,True
22,4886,True
22,4993,True
22,5349,True
22,5445,True
22,5679,True
22,5952,True
22,6333,True
22,6539,True
22,6874,True
22,6934,False
22,7147,True
22,7153,True
22,7438,True
22,8636,True
22,32587,True
23,4308,True
23,4848,True
23,4963,True
23,4973,True
23,4979,True
23,4993,True
23,4995,True
23,5349,False
23,5378,False
23,5502,True
23,5669,True
23,5902,True
23,5952,True
23,5989,True
23,5995,True
23,6016,True
23,6365,True
23,6539,True
23,6874,True
23,7147,True
23,7153,True
23,7361,True
23,8368,True
23,8376,True
23,30749,True
23,33166,True
23,33493,True
23,44191,True
26,4306,True
26,4963,False
26,4979,True
26,5218,True
26,5418,True
26,5952,True
26,5989,False
26,6016,True
26,6333,False
26,6539,False
26,6874,True
26,8665,True
26,8784,False
26,8874,False
26,8961,True
26,32587,True
26,33794,True
26,44191,True
26,48516,True
26,48780,True
26,49272,True
26,49530,True
26,50872,True
26,51662,True
26,54286,True
26,58559,True
26,68358,False
28,924,True
29,6502,True
29,51662,True
29,58559,True
30,924,True
30,4239,True
30,4246,True
30,4306,True
30,4308,True
30,4370,True
30,4886,True
30,4896,True
30,4963,True
30,4979,True
30,4995,True
30,5299,True
30,5445,True
30,5679,False
30,5902,True
30,5989,True
30,5991,True
31,4886,True
31,4993,True
31,5418,True
31,5952,True
31,6711,True
31,7153,True
31,7361,True
31,8961,True
31,33794,True
31,44191,True
31,48394,True
31,50872,True
31,55820,True
31,58559,True
31,59315,True
31,64614,True
31,72998,True
33,4878,True
33,5669,True
34,924,True
38,4973,True
38,4993,True
38,4995,True
38,5349,True
38,5418,True
38,5952,True
38,6539,True
38,6874,True
38,7153,True
38,33794,True
38,44555,True
38,49530,True
38,58559,True
38,60069,True
38,64614,True
38,79132,True
38,109374,True
40,4993,True
40,7153,True
40,7361,True
40,8874,True
40,8961,True
40,33794,True
40,44191,True
40,48516,True
40,48774,True
40,48780,True
40,49272,True
40,51255,True
40,55820,True
40,58559,True
40,68157,True
40,68954,True
40,70286,True
40,79132,True
40,99114,True
40,109487,True
40,116797,True
41,924,True
41,4306,True
41,4370,True
41,5445,True
41,5618,True
41,6333,True
41,6365,True
41,6863,True
41,6934,True
41,8644,True
42,4886,True
42,4993,True
42,5349,True
42,5952,True
42,7153,True
42,8636,True
42,8961,True
42,44191,True
42,48394,True
42,48516,True
42,58559,True
42,59315,True
42,70286,True
42,73017,True
42,79132,True
42,89745,True
42,109487,True
45,4246,False
46,4993,True
46,5952,True
46,7153,True
46,33794,True
46,49530,True
46,50872,True
46,58559,True
46,79132,True
46,80463,True
46,81834,True
46,88125,True
46,89745,True
46,91529,True
48,924,True
48,4306,True
48,4878,True
48,4973,True
48,4993,True
48,4995,True
48,5010,True
48,5218,True
48,5618,True
48,5669,True
48,5902,True
48,5952,True
48,5995,True
48,6016,True
48,6377,True
48,6539,True
48,7153,True
48,7254,True
48,7361,True
48,8636,True
48,8784,True
48,8874,True
48,32587,True
48,44555,True
48,48394,True
48,51662,True
48,57669,True
48,58559,True
48,59315,True
48,60069,True
48,68157,True
48,68954,True
48,69757,True
48,70286,True
48,72998,True
48,73017,True
48,78499,True
48,79132,True
48,80463,True
48,99114,True
52,4246,True
52,4896,True
52,4973,True
52,5816,True
52,6942,True
52,8368,True
52,40815,True
52,44555,True
54,4963,True
54,5418,True
54,6378,True
54,8665,True
54,33794,False
54,48516,True
54,48780,True
54,54286,True
54,55820,False
54,60069,True
54,68157,True
54,78499,True
56,924,False
56,4306,True
56,4370,True
56,4816,False
56,4848,True
56,4878,True
56,4886,True
56,4896,True
56,4973,True
56,4993,True
56,5377,True
56,5418,True
56,5445,True
56,5816,True
56,5902,True
56,5952,True
56,5995,True
56,6016,True
56,6377,True
56,6863,True
56,6874,True
56,6942,False
56,7147,True
56,7153,True
56,7361,True
56,7438,True
56,8360,True
56,8368,True
56,8376,True
56,8665,True
56,8784,False
56,8874,True
56,8961,True
56,27773,True
56,32587,True
56,33166,False
56,33794,True
56,35836,True
56,40815,True
56,44191,True
56,46578,True
56,48516,True
56,49272,True
56,50872,True
56,51255,True
56,51662,False
56,54286,True
56,55820,True
56,56367,True
56,57669,True
56,58559,True
56,59315,False
56,63082,True
56,68157,True
56,68954,True
56,70286,True
56,78499,True
56,79132,True
56,80463,True
56,81834,True
56,88125,True
56,91529,False
56,99114,True
56,112852,False
56,116797,True
58,924,True
59,4306,False
59,4993,True
59,5952,True
59,7153,True
59,7361,True
59,8961,True
59,33794,False
60,4973,True
60,5618,True
60,5995,True
60,6502,True
60,7361,True
60,27773,True
60,30749,True
61,4993,True
61,5349,True
61,5481,False
61,5618,True
61,5952,True
61,6539,False
61,6863,True
61,7153,True
61,8360,False
61,8376,False
61,8961,True
61,33794,True
61,40815,True
61,44191,True
61,46578,True
61,48394,True
61,48780,True
61,50872,True
61,56367,True
61,57669,True
61,58559,True
61,59315,True
61,60069,True
62,5418,True
62,6016,True
62,8665,True
62,48774,True
62,54286,True
62,58559,True
62,68157,True
62,70286,True
62,79132,True
62,109487,True
63,4306,True
63,4993,True
63,5349,True
63,5952,True
63,6333,True
63,6711,True
63,6863,True
63,7153,True
65,924,True
68,4306,True
68,4993,True
68,4995,True
68,5349,True
68,5816,True
68,5952,True
68,5989,True
68,5995,False
68,6539,True
68,6874,False
68,7153,True
68,8360,True
68,8636,True
68,8961,True
68,56367,True
69,4306,True
69,4886,True
69,4896,True
69,4993,True
69,5816,True
69,5952,True
69,6377,True
69,6539,True
69,7153,True
69,7361,True
69,8961,True
69,69757,True
72,924,True
72,4878,True
72,6711,True
72,6934,False
72,8961,False
72,50872,True
72,55820,True
72,56367,True
72,60069,True
72,68954,True
72,72998,False
73,924,False
73,4239,True
73,4306,True
73,4816,False
73,4878,True
73,4979,True
73,4993,True
73,4995,True
73,5010,True
73,5349,True
73,5481,False
73,5618,True
73,5669,True
73,5902,True
73,5952,True
73,5989,True
73,5991,False
73,6016,True
73,6365,False
73,6377,True
73,6539,True
73,6711,True
73,6874,True
73,6934,False
73,7147,False
73,7153,True
73,7361,True
73,7438,True
73,8784,True
73,8874,True
73,27773,True
73,30707,True
73,30749,True
73,32587,True
73,33166,True
73,33794,True
73,44191,True
73,48516,True
73,48774,True
73,48780,True
73,49272,True
73,55820,True
73,57669,True
73,58559,True
73,63082,True
73,64614,True
73,68157,True
73,68954,True
73,69757,True
73,72998,True
73,74458,True
73,78499,True
73,79132,True
73,80463,True
73,81834,True
73,88125,True
73,89745,True
73,91529,True
73,99114,True
73,109374,True
73,109487,True
73,112852,True
73,116797,True
75,4878,True
75,4973,True
75,4993,True
75,5445,True
75,5952,True
75,7153,True
75,7254,True
75,7361,True
75,33166,True
75,33794,True
77,4246,False
77,4886,True
77,4979,False
77,5218,True
77,5349,True
77,5378,False
77,5502,False
77,5618,True
77,5669,False
77,6333,True
77,6377,False
77,6539,True
77,7147,True
77,8622,False
77,8636,True
77,8644,False
77,8665,True
77,8874,True
77,8961,True
77,32587,True
77,33794,True
77,34405,True
77,40819,True
77,44191,True
77,45722,True
78,924,False
78,4239,True
78,4306,False
78,4308,True
78,4370,True
78,4878,True
78,4973,True
78,4993,True
78,4995,True
78,5010,True
78,5378,True
78,5418,True
78,5445,True
78,5502,True
78,5669,True
78,5952,True
78,5989,True
78,6016,True
78,6365,True
78,6502,True
78,6874,True
78,6934,True
78,7153,True
78,7254,True
78,7438,True
78,8622,True
78,8644,True
78,8665,True
78,8874,True
78,33166,True
78,33493,True
78,33794,True
78,44555,True
78,48774,True
78,51662,True
78,54286,True
78,58559,True
78,68358,True
78,69757,True
78,72998,True
78,79132,True
78,81834,True
78,88125,True
79,924,False
80,671,True
81,924,True
81,4848,True
81,4878,False
81,5618,True
81,6711,True
81,7361,True
81,69757,False
83,4886,True
83,4963,True
83,5377,True
83,5445,False
83,5669,True
83,5902,False
83,6863,True
83,8376,True
83,8784,True
83,8874,True
84,4306,True
84,4886,True
84,4963,True
84,4993,True
84,4995,True
84,5010,True
84,5952,True
84,6016,True
84,6874,True
84,7153,True
84,7438,True
84,8368,True
84,8961,True
84,33794,True
84,35836,True
84,54286,True
84,58559,True
84,72998,True
84,74458,True
84,89745,True
84,91529,True
84,116797,True
86,671,True
88,924,True
88,4246,True
88,4886,True
88,4963,True
88,4973,True
88,4979,True
88,4993,True
88,5377,True
88,5378,False
88,5418,True
88,5618,True
88,5679,False
88,5995,True
88,6016,True
88,6377,True
88,6539,True
88,6711,True
88,6874,True
88,6942,True
88,7147,True
88,7361,True
88,7438,True
88,8644,True
88,8665,True
88,8784,True
88,33794,False
88,40819,True
88,50872,True
88,56367,True
88,57669,True
88,68954,True
89,4886,True
89,4896,True
89,4963,True
89,5349,True
89,5418,True
89,5952,True
89,6365,True
89,6539,True
89,6874,True
89,7153,True
89,7438,True
89,33794,True
89,45722,True
89,48516,True
89,49272,True
89,51662,True
89,58559,True
89,59315,True
91,4306,True
91,4886,True
91,4973,True
91,4993,True
91,5218,True
91,5418,True
91,5952,True
91,7153,True
91,8360,True
91,33794,True
91,35836,True
91,44191,True
91,54286,True
91,58559,True
91,59315,True
91,68358,True
91,68954,True
91,73017,True
91,78499,True
91,79132,True
91,89745,True
91,109374,True
91,112852,True
93,4246,True
93,4963,True
93,4979,True
93,4993,True
93,4995,True
93,5952,True
93,5989,True
93,6711,True
93,7153,True
93,8949,True
93,8961,True
93,46578,True
93,56367,True
93,59315,True
93,68954,True
93,72998,True
93,78499,True
93,79132,True
93,81845,True
94,4306,True
94,4878,True
94,4973,True
94,4993,True
94,4995,True
94,5010,True
94,5349,True
94,5418,True
94,5502,False
94,5952,True
94,5989,True
94,5991,True
94,6377,True
94,6378,False
94,6711,False
94,6863,True
94,6934,False
94,7153,True
94,7254,False
94,7438,False
94,8874,False
94,8949,False
94,30707,True
94,30749,True
94,32587,True
94,33166,True
94,35836,True
94,40819,True
94,44191,True
94,46578,True
94,48516,True
94,51662,True
94,58559,True
94,60069,True
94,64614,True
94,68954,True
94,70286,True
94,72998,True
94,78499,True
94,79132,True
95,4993,True
95,5349,True
95,5378,True
96,7361,True
96,48516,True
97,4816,True
97,4878,True
97,4973,True
97,5618,True
97,6711,True
97,6863,True
97,8784,False
97,44555,True
97,46578,True
97,48394,False
97,48516,False
97,55820,True
97,56367,True
97,58559,False
97,91529,False
98,4246,True
98,4878,True
98,6874,True
98,7438,True
98,8360,True
98,8874,True
98,81834,True
99,4246,True
99,4973,True
99,4993,True
99,4995,True
99,5349,True
99,5952,True
99,5991,True
101,4993,True
101,5952,True
101,7153,True
101,33794,True
101,54286,True
101,58559,True
101,68358,True
101,70286,True
101,79132,True
102,924,True
103,671,True
103,4370,True
103,4848,True
103,4896,True
103,4973,True
103,5349,True
103,5445,True
103,5816,True
103,6333,True
103,6502,True
103,6874,True
103,7438,True
104,4993,True
104,4995,True
104,5952,True
104,6539,True
104,7153,True
104,8636,True
104,8644,True
104,33794,True
104,48780,True
104,51662,True
104,58559,True
104,59315,True
104,60069,True
104,64614,True
104,68358,True
104,70286,True
104,72998,True
104,73017,True
104,74458,True
104,79132,True
104,89745,True
104,91529,True
104,109487,True
104,112852,True
105,4239,True
105,4993,True
105,5218,True
105,5377,True
105,5418,True
105,5952,True
105,6016,True
105,6378,False
105,6711,True
105,6874,True
105,7153,True
105,7438,True
105,8949,True
105,32587,True
105,33166,True
105,51255,False
106,4306,True
106,4886,True
106,6377,True
106,48394,True
106,58559,True
106,59315,True
106,60069,True
107,4239,False
107,4816,False
107,5669,True
107,5995,True
107,6016,True
107,6377,True
107,6502,False
107,6874,True
107,7361,True
107,109487,True
109,4993,True
109,5445,True
111,4246,True
111,4308,True
111,4816,True
111,4963,True
111,4973,True
111,4979,True
111,4993,True
111,5349,True
111,5377,True
111,5902,False
111,5952,True
111,6378,True
111,6502,True
111,6942,True
111,7153,True
111,8622,True
115,7361,True
116,4306,True
116,4993,True
116,5952,True
116,6539,True
116,7153,True
117,8949,True
117,30707,True
117,81845,True
118,924,True
119,924,True
120,4963,True
120,4973,False
120,5349,True
120,5418,True
120,5445,True
120,6874,False
120,8636,True
120,32587,False
124,4306,True
124,4973,True
124,4993,True
124,5952,True
124,6377,True
124,6539,True
124,6874,False
124,7153,True
124,7254,True
124,7438,False
124,8360,True
124,8961,True
124,32587,True
125,4306,True
125,4886,True
125,4979,True
125,4993,True
125,5349,True
125,5377,True
125,5378,False
125,5502,True
125,5989,True
125,6377,True
125,6711,True
125,6942,True
125,7147,True
125,7153,True
125,7361,True
125,8376,True
125,8784,True
125,8949,True
125,8961,True
125,30707,True
125,32587,True
125,33166,True
125,33493,False
125,35836,True
125,40819,True
125,44191,True
125,46578,True
125,48394,True
125,48516,True
125,48774,True
125,48780,True
125,49272,True
125,55820,True
125,56367,True
125,58559,True
125,59315,True
125,64614,True
125,68157,True
125,68358,True
125,68954,True
128,4306,True
128,4308,True
128,4878,True
128,4886,True
128,4896,True
128,4963,True
128,4973,True
128,4993,True
128,5010,False
128,5299,True
128,5418,True
128,5502,True
128,5679,True
128,5952,True
128,5989,True
128,5991,True
130,4896,True
130,4993,True
130,5349,True
130,5378,True
130,5816,True
130,5952,True
130,6333,True
130,6539,True
130,6934,False
130,7153,True
130,8368,True
130,8376,True
130,8961,True
130,33493,True
131,4246,True
132,4973,True
132,4979,True
132,5902,True
132,6016,True
132,6711,True
132,8949,True
132,44555,True
132,46578,True
132,48394,True
132,50872,True
132,56367,True
132,68954,True
132,69757,True
133,4896,True
133,4979,True
133,4993,False
133,5218,False
133,5816,True
133,6874,False
133,7147,False
133,8368,True
133,33166,True
133,40815,True
133,40819,False
133,45722,False
133,46578,False
133,48394,False
133,56367,True
133,57669,True
133,60069,False
133,64614,False
133,68157,True
133,69757,True
133,79132,False
133,81834,True
133,88125,True
133,109374,False
134,924,True
134,4306,True
134,4878,True
134,4896,True
134,4963,True
134,4973,True
134,4979,True
134,5349,True
134,5378,True
134,5418,True
134,5445,True
134,6333,True
134,6365,True
134,6502,True
134,6874,True
134,7438,True
134,8874,True
134,34405,True
134,48394,True
134,48516,True
134,48774,True
134,49272,True
134,51255,True
134,54286,True
134,55820,True
134,57669,True
134,59315,True
134,68157,True
134,68358,True
134,68954,True
134,74458,True
134,79132,True
134,88125,True
134,89745,True
134,91529,False
134,99114,True
136,4306,True
136,4896,True
136,4993,True
136,5349,True
136,5378,True
136,5952,True
136,6377,True
136,6539,True
136,7153,True
136,8961,True
136,58559,True
138,924,True
138,4306,False
138,4886,False
138,4995,True
138,5349,False
138,5995,True
138,6333,False
138,6377,False
138,8360,False
138,8636,False
138,8961,False
138,33794,True
138,48516,True
138,48780,True
138,58559,True
138,68157,True
138,79132,True
138,91529,True
138,99114,True
138,109374,False
138,109487,True
138,116797,True
139,4995,True
139,5377,True
139,5445,True
139,5502,True
139,5989,True
140,4306,True
140,4896,True
140,4963,True
140,5349,True
140,5618,False
140,5989,True
140,6539,True
140,8368,True
143,4308,True
143,4848,False
143,4973,True
143,4979,True
143,5445,False
143,5669,True
143,6711,True
143,6874,True
143,7147,True
143,7438,True
143,8784,True
143,32587,True
143,33166,True
143,44191,True
146,4306,True
146,4963,True
146,6377,True
146,8961,True
146,44191,True
146,48516,True
146,58559,True
146,60069,True
147,4306,True
147,6016,True
147,35836,False
147,40819,True
147,46578,True
147,56367,True
147,58559,True
148,924,True
148,4306,True
148,4848,False
148,4878,True
148,4886,True
148,4896,True
148,4993,True
148,5816,True
148,5952,True
148,5995,True
148,6365,True
148,6502,True
149,4246,True
149,4308,True
149,4816,True
149,4878,True
149,5481,False
149,5618,True
149,5989,True
149,6711,True
149,6942,True
149,8644,False
149,27773,False
149,32587,True
149,35836,False
149,40815,True
149,56367,True
149,58559,True
149,78499,True
149,79132,True
149,80463,True
149,81834,True
149,88125,True
149,89745,False
149,91529,True
149,99114,False
149,109374,True
149,109487,True
149,112852,False
149,116797,True
150,4816,True
150,4878,True
150,4896,False
150,4963,True
150,4993,True
150,5418,True
150,5445,False
150,5502,False
150,5816,False
150,5952,True
150,6365,True
150,6378,True
150,6502,True
150,6539,True
150,6711,True
150,7153,True
150,7254,True
150,8368,False
150,8376,True
150,8622,True
150,8665,True
150,33493,True
150,48516,True
150,49530,True
150,54286,True
150,74458,True
150,79132,True
152,924,True
152,4239,False
152,4878,True
152,4896,True
152,4973,True
152,4993,True
152,5349,False
152,5418,True
152,5445,True
152,5816,True
152,5952,True
152,6333,True
152,6365,True
152,6711,True
152,6934,True
152,7147,True
152,7153,True
152,7361,True
152,8368,True
152,8665,True
152,32587,True
152,33493,True
152,33794,True
152,34405,True
152,40815,True
152,44191,False
152,44555,True
152,46578,True
152,49272,True
152,49530,True
152,54286,True
152,55820,True
152,56367,True
152,58559,True
152,59315,True
152,60069,True
152,63082,True
152,68954,True
152,72998,True
152,79132,True
152,81834,True
152,88125,True
153,4886,True
153,4973,True
153,5952,True
154,671,True
155,924,True
156,4239,True
156,4816,True
156,48516,True
156,56367,True
156,70286,True
156,74458,True
157,4878,True
157,4963,True
157,4973,True
157,5618,True
157,6016,True
157,6378,True
157,6502,True
157,7254,True
157,7361,True
157,27773,True
157,32587,True
157,33794,True
157,48394,True
157,48516,True
157,48780,True
157,55820,True
157,56367,True
157,57669,True
157,58559,True
157,64614,True
157,68157,True
157,68358,True
157,68954,True
157,70286,True
157,79132,True
157,80463,True
157,91529,True
158,58559,True
158,60069,False
159,4308,False
159,4878,True
159,4973,True
159,4993,True
159,5299,True
159,5952,True
159,6874,True
159,6942,True
159,7153,True
159,46578,True
163,4963,True
163,60069,True
164,4306,True
164,4878,True
164,4973,True
164,5418,True
164,8784,True
164,33166,True
165,4306,True
165,4370,False
165,5349,True
165,5378,False
165,5418,False
165,5502,True
165,5669,True
165,5902,False
165,6365,False
165,6378,False
165,6874,True
165,6942,True
165,7361,True
165,7438,True
165,8360,True
165,8636,True
165,8784,True
165,8874,True
165,27773,True
165,30749,False
165,32587,True
166,4886,True
166,5349,True
166,5445,True
166,5669,True
166,5952,True
166,5989,True
166,6333,True
166,6539,True
168,924,True
169,4306,True
169,4886,True
169,4963,True
169,4993,True
169,5418,True
169,5952,True
169,5989,True
169,6333,True
169,6377,True
169,6378,True
169,6539,True
169,7153,True
169,8360,True
169,8636,True
169,8644,True
169,8665,True
169,8961,True
169,32587,True
169,33166,True
169,33794,True
169,34405,True
169,40819,True
169,44191,True
169,48516,True
169,48774,True
169,48780,True
169,49530,True
169,50872,True
169,54286,True
169,58559,True
175,4246,False
175,4306,True
175,4308,True
175,4896,True
175,4963,True
175,4993,True
175,5299,True
175,5349,True
175,5378,False
175,5679,False
175,5816,True
175,5952,True
175,5989,True
176,4308,True
176,4816,False
176,4963,True
176,4993,True
176,5378,True
176,5618,True
176,5952,True
176,6016,True
176,6539,True
176,7147,True
176,7153,True
176,60069,True
176,63082,True
176,68157,True
176,74458,True
176,79132,True
176,81845,True
176,99114,True
178,4979,True
178,5669,False
178,48394,True
179,4896,True
179,5816,True
179,6377,True
179,6539,True
179,8368,True
179,8644,False
179,45722,True
179,46578,True
179,49272,False
179,69757,True
179,78499,True
179,80463,True
179,91529,False
181,5418,True
181,5445,True
181,6874,True
181,7153,True
181,7438,True
183,924,True
185,4306,True
185,4886,True
185,4896,True
185,4993,True
186,924,True
186,4306,True
186,4993,True
186,5618,True
186,5952,True
186,6365,True
186,6539,False
186,6934,True
186,7153,True
186,72998,True
186,79132,True
187,4878,True
187,4963,True
187,4993,False
187,4995,True
187,5669,True
187,5952,False
187,5989,True
187,6365,False
187,6377,True
187,6934,False
187,6942,True
187,7153,False
187,7254,True
187,7361,True
187,8622,True
187,8784,True
187,8874,True
187,30707,True
187,32587,True
187,35836,True
187,44191,True
187,46578,True
187,48516,True
187,56367,True
187,58559,True
187,59315,True
195,924,True
197,924,True
198,4306,True
198,4886,True
198,4973,True
198,5669,True
198,5902,True
198,5952,False
198,5995,False
199,4963,True
199,4993,True
199,4995,True
199,5349,False
199,5378,True
199,5418,True
199,5502,True
199,6365,True
199,6934,True
199,7254,True
199,8636,False
199,8665,True
199,8874,True
199,27773,True
199,32587,True
199,33493,True
199,33794,True
199,44191,True
199,45722,True
199,48516,True
199,48780,True
199,49272,True
199,51255,True
199,54286,True
199,55820,True
199,57669,True
199,58559,True
199,60069,False
199,68157,True
199,68358,True
199,70286,True
199,73017,True
199,74458,True
199,79132,True
199,80463,True
199,81845,True
199,89745,True
199,91529,True
199,99114,True
200,4306,True
200,4886,True
200,4963,True
200,4995,True
200,5010,True
200,5218,True
200,5349,True
200,5418,True
200,5445,True
200,5679,False
200,5989,True
200,6365,False
200,6377,True
200,6378,True
200,6539,True
200,6934,False
200,8360,True
200,8622,False
200,8665,True
200,8874,True
200,46578,True
200,48516,False
200,48780,True
200,49530,True
200,50872,True
200,54286,True
200,56367,True
200,60069,True
200,68157,True
200,68954,True
200,73017,True
201,4306,True
201,4878,True
201,4886,True
201,4993,True
201,5349,True
201,5418,True
201,5679,True
201,5952,True
201,5989,True
201,6333,True
201,6377,True
201,6539,True
201,7147,True
201,7153,True
201,7361,True
201,8360,True
201,8368,True
201,8636,True
201,8644,True
201,8665,True
201,8784,True
201,8874,True
201,8949,True
201,8961,True
203,4848,True
203,6016,True
203,32587,True
203,58559,True
205,4993,True
205,5618,True
205,6539,True
205,8961,True
205,33493,True
205,33794,True
205,35836,False
205,40815,True
205,44191,True
205,45722,True
205,48780,True
205,49530,True
205,50872,True
205,51662,True
205,59315,True
205,68954,True
205,79132,False
205,81834,True
205,88125,True
205,89745,True
205,112852,True
205,116797,True
207,35836,True
207,69757,False
208,7361,True
208,48516,True
208,69757,True
208,80463,True
210,6365,True
212,4239,True
212,4246,True
212,4306,True
212,4308,True
212,4370,True
212,4816,False
212,4878,True
212,4886,True
212,4963,True
212,4979,True
212,4993,True
212,4995,True
212,5010,True
212,5218,True
212,5349,True
212,5377,True
212,5418,True
212,5445,True
212,5669,False
212,5952,True
212,5995,True
212,6539,True
212,7147,True
212,7153,True
212,8376,False
212,8644,True
212,8665,True
212,8784,True
212,30749,True
212,33166,True
212,33794,True
212,34405,True
212,40819,True
212,46578,True
212,48394,True
212,48774,False
212,48780,True
212,49272,True
212,49530,True
212,51255,True
212,56367,True
212,57669,True
212,58559,True
212,59315,True
212,60069,True
212,68157,True
212,68358,True
212,70286,True
212,72998,True
212,79132,True
213,4896,True
213,4993,True
213,4995,False
213,5299,False
213,5418,True
213,5679,False
213,5816,True
213,5952,True
213,6333,True
213,6378,True
213,6934,False
213,6942,False
213,7153,True
213,8636,True
213,8644,True
213,8961,True
213,48774,False
213,48780,False
213,50872,True
213,51255,False
213,57669,False
213,59315,True
213,60069,False
213,68358,True
213,72998,True
213,73017,True
213,89745,True
213,109487,False
213,112852,True
214,924,True
215,924,True
216,4246,True
216,4878,True
216,4886,True
216,4993,True
216,5377,True
216,5445,True
216,5669,True
216,5952,True
216,6377,True
216,6942,True
216,7147,True
216,7153,True
216,7361,True
216,7438,True
216,8622,True
216,8636,True
216,8784,True
217,4306,True
217,4963,True
217,5349,True
217,5378,True
217,6333,True
217,8360,True
218,4973,True
218,5618,True
219,4886,True
219,4993,False
219,5952,False
219,7153,False
219,8376,False
219,8784,True
219,33794,True
220,924,True
220,4239,True
220,4246,True
220,4306,True
220,4973,True
224,671,True
226,4973,False
226,4995,True
226,6942,True
226,58559,True
228,4993,True
228,5378,False
228,5445,True
228,5952,True
228,6365,False
228,7153,True
228,8961,True
228,33794,True
228,51255,True
228,54286,True
228,58559,True
228,112852,True
228,116797,True
229,63082,True
230,4848,True
230,4878,True
230,4979,True
230,5902,True
230,6016,True
230,6711,True
230,7361,True
230,8874,True
230,33166,True
230,46578,True
230,69757,True
230,70286,True
230,72998,False
230,79132,True
230,80463,True
230,109374,True
232,924,False
234,4878,True
234,4963,True
234,4993,True
234,4995,True
234,5378,True
234,5445,True
234,5952,True
234,5989,True
234,7147,True
234,7153,True
234,33794,True
234,46578,True
234,48394,True
234,48516,True
234,55820,True
234,56367,True
235,4239,True
235,4246,True
235,4306,True
235,4308,True
235,4963,True
235,4973,True
235,4979,True
235,4995,True
235,5349,True
235,5377,True
235,5418,True
235,5445,True
235,5679,True
235,5989,True
235,6942,True
235,8360,True
235,8368,True
235,8636,True
235,8784,True
236,924,True
236,4848,True
236,5989,True
236,5995,True
236,6711,True
237,5952,True
238,4246,False
238,4973,True
238,5445,True
238,7254,True
238,50872,True
238,63082,True
238,69757,True
238,74458,True
238,79132,False
238,99114,True
238,116797,True
240,924,True
240,4246,True
240,4848,True
240,4878,True
240,4886,True
240,4963,True
240,4973,True
240,4979,True
240,5418,True
240,5445,True
240,5618,True
240,5679,True
240,5902,True
240,5952,True
240,5989,True
240,5991,True
240,6377,True
240,6378,True
240,6539,True
240,7153,True
240,8360,True
240,8368,True
240,8622,True
240,8636,True
240,8665,True
240,8784,True
242,924,True
243,4308,True
243,4973,True
243,4993,True
243,5378,True
243,5618,True
243,5669,True
243,5952,True
243,6333,True
243,6377,True
243,6539,True
243,6711,True
243,7147,True
243,7153,True
243,7438,True
243,8368,True
243,8622,True
243,33493,True
244,4886,True
244,4993,True
244,5952,True
244,7153,True
244,35836,True
244,44555,False
244,58559,True
244,79132,False
245,4239,True
245,4306,True
245,4308,True
245,4963,True
245,4993,True
245,4995,True
247,671,False
248,924,True
248,4993,True
248,5010,True
250,4306,True
250,4886,True
250,4896,True
250,4973,True
250,4995,True
250,5010,True
250,5218,True
250,5989,True
250,5995,True
250,6016,True
250,6333,True
250,6539,True
250,7147,True
250,7254,True
250,30707,True
250,35836,True
250,46578,True
250,48516,True
250,48780,True
250,50872,True
250,55820,True
250,56367,True
250,57669,True
250,58559,True
250,59315,True
250,60069,True
250,68157,True
250,68358,True
250,72998,True
250,73017,True
250,74458,True
250,79132,True
250,81845,True
250,88125,True
250,89745,True
250,91529,True
250,99114,True
250,109487,True
250,116797,True
251,4306,True
251,4886,True
251,4973,True
251,4993,True
251,4995,True
251,5218,True
251,5618,True
251,5952,True
251,6377,True
251,6539,True
251,7147,True
251,7153,True
251,7254,True
251,7361,True
251,8360,True
251,8368,True
251,8644,True
251,40815,True
251,40819,True
251,45722,True
251,51662,True
251,59315,True
251,68358,True
251,68954,True
251,81845,True
251,89745,True
251,109487,True
251,112852,True
253,4246,False
253,4306,True
253,4308,True
253,4963,True
253,4973,True
253,4979,False
253,4993,True
253,4995,True
253,5218,True
253,5349,True
253,5481,False
253,5952,True
253,5991,True
253,6333,True
253,6539,True
253,6711,False
253,6863,False
253,7153,True
253,8636,True
253,8784,False
253,8961,True
253,48394,False
254,924,True
255,4246,True
255,4973,True
255,4993,True
255,5377,True
255,5902,True
255,5952,True
255,6016,True
255,6539,True
255,6711,True
255,7147,True
255,7153,True
255,7361,True
255,8376,True
255,32587,True
255,44555,True
255,45722,True
255,49272,True
255,58559,True
257,4878,True
257,4993,True
257,32587,False
257,49272,True
257,81845,False
260,5378,True
260,6539,True
260,6711,False
260,33493,True
260,44191,True
261,5445,True
261,6365,True
261,7254,True
261,8644,True
262,4239,False
262,4308,False
262,4370,False
262,4878,True
262,4896,False
262,4963,False
262,4979,True
262,5218,False
262,5349,False
262,5481,False
262,5816,False
262,6016,False
262,6711,True
262,6863,False
262,6942,False
262,8368,False
262,8784,False
262,8874,True
262,27773,True
262,46578,True
262,60069,False
262,68954,True
262,69757,False
263,6539,True
263,6874,False
263,8784,False
267,4878,True
267,7361,True
267,8784,True
267,30749,True
267,46578,True
267,48516,True
267,49272,True
268,924,True
268,4306,True
268,4878,True
268,4886,True
268,4896,False
268,4963,True
268,4993,True
268,4995,True
268,5349,True
268,5377,False
268,5418,True
268,5445,True
268,5902,True
268,5952,True
268,6333,True
268,6377,True
268,6502,True
268,6539,True
268,6711,False
268,6874,True
268,7147,True
268,7153,True
268,7361,True
268,7438,True
268,8360,True
268,8636,True
268,8961,True
268,33493,True
268,33794,True
268,35836,True
268,45722,False
268,48516,True
268,49272,True
268,51662,True
268,54286,True
268,55820,True
268,56367,True
268,58559,True
268,59315,True
268,68157,True
268,68358,True
268,68954,False
268,69757,True
268,72998,True
268,78499,True
268,79132,True
268,80463,True
268,81845,True
268,88125,True
270,4878,True
270,4973,True
270,4979,True
270,4993,True
270,4995,True
270,5952,True
270,5991,True
270,6377,True
270,6874,True
270,7153,True
270,7361,True
270,7438,True
270,8874,True
270,32587,True
270,33794,True
270,34405,True
270,44191,True
270,46578,True
270,48516,True
270,48774,True
270,48780,True
270,51255,True
270,51662,True
270,56367,True
270,57669,True
270,58559,True
270,59315,True
270,60069,True
270,68157,True
270,70286,True
270,79132,True
270,91529,True
270,99114,True
270,109374,True
270,112852,True
271,4306,True
271,4993,True
271,5952,True
271,6333,True
271,7153,True
271,8360,True
271,8636,True
271,8961,True
272,4993,True
272,6333,True
272,33794,True
272,88125,True
272,89745,True
272,112852,True
273,4306,True
273,4878,True
273,4886,True
273,4896,True
273,4993,True
273,5349,True
273,5378,True
273,5816,True
273,5952,True
273,6333,True
273,6365,True
273,6377,True
273,6539,True
273,6874,True
273,6934,True
273,7153,True
273,8360,True
273,8368,True
273,8874,True
273,8961,True
273,33493,True
273,33794,True
273,40815,True
273,44191,True
273,51255,True
273,58559,True
273,59315,True
273,68157,True
273,68358,True
273,73017,True
273,78499,True
273,79132,True
273,80463,True
273,81834,True
273,88125,True
273,91529,True
273,109374,True
273,112852,True
275,4239,True
275,4896,True
275,4963,True
275,4979,True
275,4995,True
275,5816,True
275,5989,True
275,6016,True
275,6378,True
275,6539,True
275,6711,True
275,7147,True
275,8368,True
275,8784,True
275,8949,True
275,8961,True
275,33794,True
275,40815,True
275,40819,True
275,46578,True
275,48516,True
275,49272,True
275,49530,True
275,50872,True
275,56367,True
275,58559,True
275,59315,True
275,63082,True
275,64614,True
275,68358,True
275,68954,True
275,69757,True
275,78499,True
275,79132,True
275,80463,True
275,81834,True
275,81845,True
275,88125,True
275,89745,True
275,99114,True
277,5618,True
277,6365,True
277,8644,True
277,50872,True
277,109487,True
281,5995,True
282,4306,True
282,4308,False
282,4993,True
282,4995,True
282,5418,True
282,5952,True
282,5989,True
282,6539,True
282,7153,True
282,8360,True
282,8665,True
283,4306,True
283,4848,False
283,4886,True
283,4973,True
283,4995,True
283,5618,True
283,5669,True
283,5902,True
283,5995,True
283,6016,True
283,6377,True
283,6711,True
283,6874,True
283,7254,False
283,7361,True
283,7438,True
283,8622,True
283,8949,True
283,8961,True
283,27773,False
283,30749,True
283,33166,True
283,33493,False
283,44191,True
283,46578,True
287,924,False
287,4886,True
287,4993,True
287,5349,True
287,5378,True
287,5418,True
287,5445,True
287,5952,True
287,6377,True
287,7153,True
287,8636,True
287,8644,True
287,8665,True
287,8961,True
287,33493,True
287,33794,True
287,48780,True
287,50872,True
287,54286,True
287,58559,True
287,59315,True
287,60069,True
287,68358,True
287,68954,True
287,72998,True
287,73017,True
287,78499,True
287,79132,True
287,80463,True
287,89745,True
287,91529,True
287,112852,True
289,69757,True
290,4896,False
290,4973,True
290,5418,True
290,5445,True
290,5481,True
290,6539,False
290,7254,True
290,8622,True
290,48394,True
290,60069,True
290,68157,True
290,79132,True
290,109374,True
290,109487,True
291,4306,True
291,4878,True
291,5349,True
291,8636,True
292,4306,True
292,4308,True
292,4886,True
292,4963,True
292,4993,True
292,4995,True
292,5299,True
292,5377,True
292,5679,True
292,5816,False
292,5991,True
292,6333,True
292,6377,True
292,6378,True
292,6502,True
292,6874,True
292,6934,True
292,7147,True
292,7438,True
292,8784,True
292,8961,True
292,32587,True
292,33493,True
293,924,True
293,4306,True
293,4896,True
293,4993,True
293,4995,True
293,5218,True
293,5952,True
293,6539,True
294,4246,True
294,4306,True
294,4308,True
294,4816,True
294,4886,True
294,4896,True
294,4963,True
294,4993,True
294,5299,True
294,5349,True
294,5418,True
294,5481,True
294,5618,True
294,5816,True
294,5952,True
294,5989,True
294,5991,True
294,6333,True
294,6365,True
294,6377,True
294,6378,True
294,6539,True
294,6942,True
294,7153,True
294,7361,True
294,8360,True
294,8368,True
294,8665,True
294,8961,True
294,32587,True
294,33493,True
294,33794,True
294,40815,True
294,40819,True
295,924,True
295,4306,True
295,4886,True
295,4896,True
295,4963,True
295,4979,False
295,4993,True
295,4995,True
295,5010,True
295,5218,True
295,5299,True
295,5349,True
295,5418,True
295,5445,True
295,5816,True
295,5952,True
295,5989,True
295,6333,True
295,6377,True
295,6378,True
295,6539,True
295,6874,True
295,7147,True
295,7153,True
295,7438,True
295,8360,True
295,8368,True
295,8622,True
295,8636,True
295,8961,True
296,4306,True
296,6539,True
296,79132,True
297,4973,True
297,5618,True
297,6711,True
297,8949,True
297,35836,True
297,44555,True
297,55820,False
297,58559,True
297,68157,True
297,79132,True
298,4886,True
298,5618,True
298,6539,True
298,7361,True
298,34405,True
298,58559,True
298,60069,True
298,73017,True
298,74458,True
298,79132,True
298,109374,True
298,109487,True
299,4848,True
299,5902,True
299,5995,True
299,6711,True
299,6874,True
299,7361,True
299,7438,True
299,32587,True
299,48394,True
299,48516,True
299,55820,True
299,68157,True
300,5445,True
303,4896,True
303,4995,True
303,5618,True
303,5669,True
303,5816,True
303,5902,True
303,5991,True
303,6874,False
303,8368,True
303,8622,True
303,30707,True
303,40815,True
303,56367,True
303,63082,True
303,64614,True
303,68954,True
303,79132,True
303,81845,True
304,924,True
304,4239,True
304,4306,False
304,4878,True
304,4979,True
304,5669,True
304,5995,False
304,6934,False
304,8376,False
304,27773,True
304,44555,True
304,55820,True
304,70286,True
304,79132,True
306,924,True
307,4973,True
307,5995,True
307,6016,True
307,7361,True
307,8784,True
307,8949,True
307,30749,True
307,32587,True
307,33794,True
307,48394,True
307,48516,True
307,48774,True
307,48780,True
307,49272,True
307,49530,True
307,51255,True
307,54286,True
307,55820,True
307,56367,True
309,4973,True
309,4993,True
309,5377,True
309,5952,True
309,6377,True
309,6539,True
309,6874,True
309,7147,True
309,7153,True
309,7361,True
309,7438,True
309,8368,True
309,8665,True
309,8874,True
309,8961,True
309,32587,True
311,4963,True
311,4995,True
311,5218,True
311,5299,True
311,5349,True
311,5418,True
311,6378,True
311,6539,True
311,8622,True
311,8636,True
311,8644,True
311,8665,True
311,40819,True
313,4246,True
313,4306,True
313,4308,True
313,4370,False
313,4816,True
313,4848,False
313,4886,True
313,4963,True
313,4979,False
313,4993,True
313,4995,True
313,5218,True
313,5349,True
313,5418,True
313,5669,True
313,5679,True
313,5952,True
313,5989,True
313,5995,True
313,6377,True
313,6378,True
313,6539,True
313,6711,True
313,7153,True
313,8360,True
313,8622,True
313,8644,True
313,8665,True
313,8961,True
313,30707,True
314,58559,True
314,79132,True
314,109487,True
314,112852,True
314,116797,True
315,5902,True
316,4896,True
316,4963,True
316,4993,True
316,5010,False
316,5378,True
316,5418,True
316,5816,True
316,5952,True
316,6539,True
316,6874,True
316,6934,True
316,7153,True
316,7438,True
316,8368,True
316,8665,True
316,8874,True
316,8961,True
316,33493,True
316,34405,True
316,40815,True
316,44191,True
316,45722,True
316,49272,True
316,51255,True
316,51662,True
316,54286,True
316,59315,True
316,68157,True
316,68358,True
316,68954,True
316,73017,True
316,81834,True
316,88125,True
316,89745,True
316,109374,True
316,112852,True
320,5445,True
320,5995,True
320,6874,True
320,6942,True
320,7438,True
320,30707,True
320,30749,True
320,44191,True
320,44555,True
320,63082,True
320,64614,True
320,68358,True
320,81845,True
320,109487,True
320,116797,True
322,924,True
323,4973,True
323,4995,True
323,6539,True
324,4306,True
324,4896,True
324,6539,True
324,6863,True
324,7361,True
324,7438,False
324,8376,True
324,8961,True
324,45722,True
324,116797,True
327,4878,True
327,6502,True
327,6874,True
327,6934,True
327,8360,True
328,4306,True
328,4886,True
328,5618,True
328,8360,True
328,8368,True
328,8874,False
328,34405,True
328,40815,True
330,924,False
331,4963,True
331,5618,True
331,5991,True
331,80463,True
332,5378,False
332,5418,False
332,6333,False
332,6377,False
332,6874,True
332,7153,False
332,7438,True
332,32587,True
333,4306,True
333,4886,True
333,4995,True
333,5218,True
333,5418,True
333,5989,True
333,6377,True
333,6539,True
333,8360,True
333,8665,True
333,30707,True
333,54286,True
333,63082,True
333,72998,True
333,78499,True
333,79132,True
333,81845,True
333,109487,True
333,116797,True
334,6016,True
334,60069,True
334,79132,True
334,81834,False
334,99114,True
334,116797,True
335,63082,True
339,5952,True
339,5995,True
339,6378,True
339,6539,True
339,6874,False
339,7153,True
339,7438,False
339,8644,True
339,30707,True
339,70286,True
339,73017,True
339,74458,True
339,79132,True
339,109487,True
340,4993,True
340,5952,True
340,5989,True
342,924,True
345,4306,True
345,4878,True
345,4886,True
345,4979,True
345,4993,True
345,5349,True
345,5618,True
345,5952,True
345,6016,True
345,6377,True
345,6711,True
345,6874,True
345,7153,True
345,7361,True
345,7438,True
345,8784,True
345,8949,True
345,8961,True
345,30707,True
345,30749,True
346,671,True
346,924,False
346,4306,True
346,4896,True
346,4963,True
346,4993,True
346,4995,False
346,5349,True
346,5378,False
346,5445,False
346,5816,True
346,5902,False
346,5952,False
346,6333,True
346,6539,True
346,7153,False
346,7361,True
346,8368,True
346,8636,True
346,8874,True
346,8961,True
346,33493,False
346,33794,False
346,40815,True
346,44191,True
346,45722,True
347,4993,True
347,5952,True
347,7153,True
347,33493,True
350,4239,True
350,4246,True
350,4306,True
350,4308,False
350,4816,True
350,4886,True
350,4963,True
350,4973,True
350,4979,True
350,4993,True
350,5010,True
350,5299,True
350,5378,True
350,5502,True
352,4306,True
352,5618,True
352,6377,True
352,34405,True
352,58559,True
352,59315,True
352,64614,True
352,68157,True
352,79132,True
352,91529,True
352,112852,True
353,4370,False
353,4878,True
353,4993,False
353,5445,False
353,6365,False
353,34405,True
353,44191,True
353,48516,True
353,49272,True
353,49530,True
353,51662,True
353,54286,True
353,58559,True
353,59315,True
355,924,True
355,4306,True
355,4878,True
355,4886,True
355,4973,True
355,4993,True
355,5378,True
355,5418,True
355,5618,True
355,5669,True
355,5952,True
355,5989,True
355,6016,False
355,6333,True
355,6377,True
355,6539,True
355,6711,True
355,6874,False
355,7147,True
355,7153,True
355,7361,True
355,7438,False
355,8360,True
355,8874,True
355,8961,True
355,32587,True
355,33493,True
355,46578,True
355,48516,True
355,49272,True
355,54286,True
355,55820,True
355,58559,True
355,59315,True
355,60069,True
356,44555,False
359,81845,True
360,924,True
361,671,True
362,4306,True
362,4370,False
362,4878,True
362,4963,True
362,4973,True
362,5377,True
362,5669,True
362,6377,True
362,6539,True
362,6711,True
362,6874,True
362,6942,True
362,7147,True
362,8961,True
362,33166,True
362,33794,True
362,44555,True
362,45722,True
362,58559,True
364,45722,True
364,46578,True
364,56367,True
364,68358,False
364,72998,False
364,78499,False
364,109374,True
365,4993,True
365,4995,True
365,5418,True
365,5481,True
365,5991,True
365,6333,True
365,6378,True
365,7153,True
365,8644,True
365,8665,True
365,8961,True
365,40819,True
365,46578,True
365,48780,True
365,50872,True
365,70286,False
365,72998,True
365,80463,True
366,4246,True
366,4886,True
366,4973,True
366,6377,True
366,8874,True
366,8961,True
366,46578,True
366,68358,True
367,4370,False
367,6539,True
367,7361,True
367,7438,False
367,8665,True
370,924,True
370,4993,True
370,5349,True
370,5952,True
370,7153,True
370,7438,True
370,8874,True
371,4306,True
371,4308,True
371,4370,False
371,4963,True
371,4973,True
371,4993,False
371,4995,True
371,5218,True
371,5952,False
371,5989,True
371,6874,False
371,7153,False
371,7254,True
371,7438,False
371,8360,True
371,30707,True
371,45722,True
371,48516,True
371,49530,True
371,51662,True
371,60069,True
371,63082,True
371,73017,True
371,74458,True
371,79132,True
371,81834,False
371,81845,True
371,109374,True
371,116797,True
374,5378,True
374,5481,False
376,4239,False
378,4306,False
378,4848,True
378,4878,True
378,4886,False
378,4963,False
378,4979,True
378,5218,False
378,5349,False
378,5418,False
378,5989,True
378,5995,True
378,6377,False
378,6539,False
378,6874,True
378,7438,True
378,8360,False
378,8665,False
378,8961,False
378,33794,False
378,46578,True
378,54286,False
378,58559,False
378,60069,False
378,63082,True
378,68157,True
378,79132,True
378,99114,True
378,109374,True
378,116797,True
379,4878,True
379,4993,True
379,5952,True
379,5995,True
379,6377,True
379,7153,True
379,7361,True
379,44555,True
379,46578,False
379,48394,True
379,48516,True
379,58559,True
380,924,True
380,4239,True
380,4306,True
380,4816,False
380,4878,True
380,4886,True
380,4963,True
380,4973,True
380,4993,True
380,4995,True
380,5010,True
380,5349,True
380,5445,True
380,5481,True
380,5669,True
380,5952,True
380,5995,True
380,6333,True
380,6365,True
380,6874,True
380,6934,True
380,7147,True
380,7254,True
380,7361,True
380,7438,True
380,8360,True
380,8376,True
380,8636,True
380,8665,True
380,8784,True
380,8961,True
380,30707,True
380,32587,True
380,33166,True
380,33493,True
380,34405,True
380,35836,True
380,44191,True
380,46578,True
380,48394,True
380,48516,True
380,48774,True
380,48780,True
380,49272,True
380,49530,True
380,51662,True
380,54286,True
380,55820,True
380,56367,True
380,57669,True
380,58559,True
380,59315,True
380,60069,True
380,63082,True
380,64614,True
380,68358,True
380,68954,True
380,69757,True
380,72998,True
380,73017,True
380,74458,True
380,78499,True
380,79132,True
380,80463,True
380,89745,True
380,91529,True
380,109487,True
381,4306,True
381,5218,True
382,4306,True
382,4816,False
382,4886,True
382,4896,True
382,4973,True
382,4993,True
382,5299,False
382,5502,False
382,5816,True
382,5952,True
382,5989,False
382,6377,True
382,6711,False
382,6863,True
382,7153,True
382,7254,False
382,7361,False
382,8368,True
382,8376,False
382,8961,True
382,40815,True
382,46578,True
382,50872,True
382,68954,True
382,78499,True
382,81834,True
382,81845,True
382,88125,True
384,4246,True
384,4308,True
384,4816,True
384,4848,True
384,4878,False
384,4963,True
384,4993,True
384,5010,True
384,5349,True
384,5378,True
384,5445,True
384,5952,True
384,6333,True
384,6365,True
384,6502,False
384,6539,True
384,6874,True
384,6934,True
384,7147,True
384,7153,True
384,7361,True
384,7438,True
384,8360,True
384,8636,True
384,30707,True
384,32587,True
384,33166,True
384,33493,True
384,33794,True
384,45722,True
384,46578,True
384,48516,True
384,48774,False
384,48780,True
384,49272,True
384,50872,True
384,51255,True
384,55820,True
384,56367,True
384,58559,True
384,59315,True
386,4878,True
387,924,True
388,671,True
388,924,True
388,4370,True
388,4848,True
388,4963,True
388,4979,True
388,4993,True
388,5010,True
388,5349,True
388,5418,True
388,5445,True
388,5669,True
388,5902,True
388,5952,True
388,5989,True
388,5995,True
388,6016,True
388,6333,True
388,6365,True
388,6539,True
388,6711,True
388,6863,True
388,6874,True
388,6934,True
388,7153,True
388,7361,True
388,7438,False
388,8622,True
388,8636,True
388,8665,True
388,8949,True
388,30707,True
388,30749,True
388,33493,True
388,33794,True
388,35836,True
388,44555,True
388,45722,True
388,46578,True
388,50872,True
388,55820,True
388,58559,True
392,4973,True
392,7361,True
392,8784,True
392,58559,True
393,5995,True
394,4306,True
394,4896,True
394,4963,True
394,4993,False
394,5378,True
394,5418,True
394,5445,True
394,5816,True
394,6365,True
394,6874,True
394,7147,False
394,7361,True
394,8360,True
394,8368,True
394,8665,True
394,44555,False
394,46578,True
394,48516,True
394,48780,True
394,54286,True
394,55820,False
394,79132,True
395,671,True
397,5218,True
397,5618,True
397,6377,True
397,8961,True
397,60069,True
397,68358,True
397,68954,True
397,70286,True
401,671,True
401,924,True
402,4963,True
402,4993,True
402,5218,False
402,5378,False
402,5816,True
402,5952,True
402,7153,True
402,8368,True
402,34405,True
402,40815,True
402,46578,True
402,50872,True
402,59315,True
402,60069,True
402,64614,True
402,68358,True
402,69757,True
402,73017,True
402,79132,True
402,81834,True
402,88125,True
402,89745,True
402,91529,True
402,112852,True
402,116797,True
404,4896,True
405,4896,True
405,4963,True
405,4979,False
405,4993,True
405,4995,True
405,5010,True
405,5299,True
405,5378,True
405,5418,True
405,5816,True
405,5952,True
405,5989,True
405,5995,True
405,6378,True
405,7153,True
405,8360,True
405,8368,True
406,924,True
406,4993,True
406,5618,True
406,7153,True
406,33493,True
406,44191,True
407,4306,True
407,4878,True
407,4963,True
407,4973,True
407,4979,True
407,4993,True
407,4995,True
407,5010,True
407,5418,True
407,5445,True
407,5669,True
407,5816,True
407,5902,True
407,5952,True
407,5991,True
407,5995,True
407,6502,True
407,6539,True
407,6711,True
407,7153,True
407,8368,True
407,8622,True
407,8636,True
407,8665,True
407,8784,True
407,8949,True
407,33794,True
407,40815,True
407,40819,True
407,48516,True
408,671,True
410,4993,True
410,5418,True
410,5952,True
410,8665,True
410,8961,True
412,4246,True
412,4306,True
412,4308,True
414,4973,True
414,5816,True
417,4306,True
417,4886,True
417,4963,True
417,4993,True
417,5010,True
417,5349,True
417,5377,True
417,5502,True
417,5952,True
417,5991,False
417,5995,True
417,6377,True
417,6539,True
417,6863,True
417,7153,True
417,8360,True
417,8376,True
417,8636,True
417,8961,True
418,4308,False
418,4896,True
418,4963,True
418,4993,True
418,4995,True
418,5218,True
418,5816,True
418,5952,True
418,6377,True
418,6874,False
418,6942,True
418,7153,True
418,8368,True
418,8961,True
418,33794,True
418,40815,True
419,8961,True
422,671,True
423,4886,False
423,5481,False
423,5618,True
423,8360,False
423,8376,False
423,8622,True
423,8874,True
423,27773,True
423,33794,True
423,48516,True
423,51255,True
423,55820,True
423,57669,True
423,58559,True
423,68157,True
423,70286,True
423,74458,True
423,79132,True
423,91529,True
423,99114,True
424,5952,False
425,4973,False
425,4993,True
425,5952,True
425,6377,True
425,6539,True
425,7153,True
425,8784,False
426,4370,True
426,4886,True
426,4896,True
426,4993,True
426,4995,True
426,5010,True
426,5349,True
426,5418,True
426,5679,True
426,5816,True
426,5952,True
426,5989,True
426,5995,True
426,6333,True
426,6365,True
426,6539,True
426,6874,True
426,6934,True
426,7153,True
426,7438,True
426,8368,True
426,8644,True
426,8961,True
426,30707,True
426,32587,True
426,33794,True
426,35836,True
426,40815,True
426,44191,True
426,45722,True
426,48394,True
426,48774,False
426,49272,True
426,51662,True
426,54286,True
426,58559,True
426,59315,True
426,60069,True
426,63082,True
426,64614,True
426,70286,True
426,78499,True
426,81845,True
427,4306,True
427,4878,True
427,4973,True
427,5010,True
427,5445,False
427,5502,True
427,5669,True
427,5991,True
427,6016,True
427,6377,True
427,6378,True
427,6502,True
427,8376,True
427,8622,True
427,8784,True
427,8874,True
427,8949,True
427,33166,True
427,44555,True
427,48394,True
427,51255,True
427,51662,False
427,55820,True
427,64614,False
427,68157,True
427,69757,True
427,70286,True
427,109374,True
428,924,True
428,4878,True
428,4886,True
428,4979,True
428,4993,True
428,4995,True
428,5378,False
428,5502,False
428,5618,True
428,5952,True
428,6377,True
428,6539,True
428,6711,True
428,7153,True
428,7361,True
428,8360,False
428,8961,True
428,33794,True
428,35836,True
428,45722,False
428,46578,True
428,48516,True
428,48780,True
428,56367,True
428,58559,True
428,60069,True
428,68157,True
428,68954,True
428,69757,True
428,70286,True
428,79132,True
428,80463,True
429,4993,False
429,5952,False
429,7153,False
430,4306,True
430,4848,True
430,4878,True
430,4886,True
430,4963,True
430,4973,True
430,4979,True
430,5349,True
430,5418,True
430,5445,True
430,5618,True
430,5669,True
430,5679,True
430,5952,True
430,5989,True
430,6016,True
430,6333,True
430,6365,True
430,6377,True
430,6502,True
430,6539,True
430,6711,True
430,6874,True
430,7147,True
430,7361,True
430,7438,True
430,8360,True
430,8622,True
430,8636,False
430,8665,False
430,8961,True
430,32587,True
430,33794,True
430,40819,False
430,45722,True
430,49272,True
431,4239,True
431,4306,True
431,4886,True
431,4963,True
431,4973,True
431,4993,True
431,4995,True
431,5349,True
431,5377,True
431,5418,True
431,5445,True
431,5952,True
431,5989,True
431,5995,True
431,6333,True
431,6377,True
431,6539,True
431,6711,True
431,6874,True
431,7153,True
431,7361,True
431,7438,True
431,8360,True
431,8636,True
431,8665,True
431,8784,True
431,8961,True
431,30707,True
431,30749,True
431,32587,True
431,40819,True
431,44191,True
431,45722,True
432,5418,True
432,5445,True
432,5481,True
432,5995,True
432,6874,True
432,7153,True
432,7438,True
432,32587,True
432,33166,True
432,48780,True
432,68157,True
433,924,True
433,4306,True
433,4848,True
433,4878,True
433,4886,True
433,4979,True
433,4993,True
433,5618,True
433,5902,True
433,5952,True
433,5995,True
433,6016,True
433,6377,True
433,6711,True
433,6874,True
433,7153,True
433,7361,True
433,8636,True
433,8961,True
433,27773,True
433,32587,True
433,33166,False
433,35836,True
433,48516,True
433,48774,True
433,50872,True
433,55820,True
433,58559,True
433,63082,False
433,68157,True
433,69757,True
433,78499,True
433,80463,True
433,89745,True
433,91529,False
433,109487,True
435,924,True
438,4993,True
438,27773,True
438,48516,True
438,51662,True
438,79132,True
438,99114,True
438,109487,True
439,924,False
439,4308,True
439,4963,True
439,4979,True
439,5299,False
439,5377,True
439,5378,True
439,5445,True
439,5679,True
439,5902,True
441,4973,True
441,4979,True
441,4993,True
441,4995,True
441,5669,True
441,5952,True
441,5989,True
441,6016,True
441,6874,True
442,4306,True
442,4886,True
442,4963,True
442,4993,True
442,4995,True
442,5010,True
442,5218,True
442,5669,True
442,6377,True
442,6874,True
442,7153,True
442,8360,True
442,8961,True
442,32587,True
442,40819,True
442,49530,True
442,50872,True
442,51662,True
442,58559,True
442,59315,True
443,5618,True
443,48394,True
443,112852,True
446,4896,True
446,4993,True
446,5445,True
446,5952,True
446,6333,True
446,7153,True
446,8368,True
446,8644,True
446,8665,True
446,40815,True
446,54286,True
446,63082,True
446,68954,True
446,70286,True
446,72998,True
446,88125,True
448,4993,True
448,5952,True
448,7153,True
448,54286,True
448,59315,True
448,68358,True
448,79132,True
448,89745,True
450,4306,True
450,4848,True
450,4878,True
450,4886,True
450,4963,True
450,4973,True
450,4993,False
450,4995,True
450,5445,True
450,5618,True
450,5952,False
450,5989,True
450,5995,True
450,6016,True
450,6874,True
450,7153,False
450,7361,True
450,8636,False
450,27773,True
450,32587,True
450,44191,True
450,48516,True
450,57669,True
450,58559,True
450,60069,True
450,63082,True
450,70286,True
450,79132,True
450,109374,True
452,4306,True
452,4370,True
452,4973,True
452,4995,True
452,5299,True
452,5445,True
452,5502,True
452,5669,True
452,5816,False
452,5952,False
452,5989,True
452,5995,True
452,6016,True
452,6377,True
452,6539,True
452,8622,True
452,8784,True
452,8949,False
452,30749,True
452,40819,True
454,5995,True
454,6016,True
454,58559,True
454,79132,True
455,5445,True
455,5952,True
456,4963,True
456,4973,True
456,4993,True
456,5445,True
456,5618,True
456,5952,True
456,6365,True
456,6539,True
456,6934,True
456,7153,True
456,8644,True
456,44191,True
456,45722,True
456,58559,True
456,59315,True
456,70286,False
456,72998,True
456,73017,True
456,91529,True
457,924,True
457,4848,True
457,4878,True
457,4886,False
457,4896,False
457,5349,False
457,5418,False
457,5445,False
457,5481,False
457,5952,False
457,6016,True
457,6333,False
457,6711,True
457,7153,False
457,8368,False
457,8636,False
457,8644,False
457,8665,False
457,8949,True
457,8961,False
457,27773,True
457,40815,False
457,45722,False
457,49272,False
457,54286,False
457,55820,True
457,58559,False
457,59315,False
457,72998,False
457,73017,False
457,91529,False
458,4306,True
458,4993,True
458,5952,True
458,6539,True
458,7153,True
458,7438,True
460,671,True
460,4816,True
460,4973,True
460,4979,True
460,5377,True
460,5902,True
460,5952,True
460,5991,True
460,6539,True
460,6711,True
460,6942,True
460,7153,True
461,4246,True
461,4308,True
461,4370,False
461,4816,False
461,4973,True
461,4979,True
461,4993,True
461,5349,True
461,5378,False
461,5618,True
461,5679,True
461,5952,True
461,6365,False
461,6377,True
461,6502,True
461,6874,True
461,6934,False
461,6942,True
461,7153,True
461,7438,True
461,8368,True
461,8636,True
461,8665,True
461,8874,True
461,8961,True
461,33794,True
461,34405,True
461,35836,True
461,40815,True
463,4246,True
463,4306,True
463,4308,True
463,4370,False
463,4848,True
463,4886,True
463,4963,True
463,4973,True
463,4993,True
463,4995,True
463,5299,True
463,5349,True
463,5377,True
463,5418,False
463,5445,False
463,5481,False
463,5502,True
463,5679,True
463,5816,True
463,5952,True
465,4246,True
465,4896,True
465,4995,True
465,5816,True
465,6942,True
465,40815,True
468,924,True
468,4239,False
468,4816,False
468,5299,False
468,5378,False
468,5991,False
468,5995,True
468,6378,False
468,8360,False
468,8644,False
468,27773,False
468,45722,False
468,50872,True
468,55820,True
468,60069,True
468,73017,False
468,78499,True
471,4886,True
471,4993,True
471,5218,True
471,5669,True
471,5679,True
471,5952,True
471,7153,True
471,33493,True
471,51662,True
472,924,True
472,4246,True
472,4306,True
472,4848,True
472,4886,True
472,4973,True
472,4979,False
472,4995,True
472,5299,True
472,5502,False
472,5618,True
472,5902,True
472,5991,True
472,5995,True
472,6016,True
472,6365,False
472,6377,True
472,6711,True
472,6942,True
472,7153,False
472,8949,True
472,44191,True
472,49272,True
473,4306,True
473,4886,True
473,4973,True
473,32587,True
473,33794,True
473,49272,True
473,50872,True
473,58559,True
473,59315,True
473,68157,True
473,72998,True
473,79132,True
473,89745,True
473,91529,True
473,99114,True
473,109374,True
473,112852,True
475,924,True
475,4306,False
475,4963,True
475,4993,True
475,5010,True
475,5218,False
475,5349,True
475,5378,False
475,5418,True
475,5481,False
475,5679,False
475,5952,True
475,5989,True
475,6016,True
475,6365,False
475,6502,True
475,6711,True
475,6863,True
475,6874,True
475,6934,False
475,7147,True
475,7153,True
475,7361,True
475,7438,True
475,8360,False
475,8368,True
475,8636,True
475,8644,False
475,8665,True
475,8874,True
475,8961,True
475,30707,True
475,30749,True
475,32587,True
475,40815,True
475,45722,False
475,46578,True
475,48516,True
475,48780,True
475,49272,True
475,49530,True
475,50872,True
475,51662,True
475,54286,True
475,55820,True
475,58559,True
475,59315,True
475,68157,True
475,68358,True
475,74458,True
475,78499,True
475,81834,True
475,81845,True
475,89745,True
475,99114,True
475,109374,True
475,112852,True
475,116797,True
477,5481,True
478,4993,True
478,4995,True
478,5952,True
478,5989,True
478,5995,True
478,6016,True
478,7153,True
478,7361,True
478,7438,True
478,8368,True
478,32587,True
478,48516,True
478,68157,True
478,72998,True
478,73017,True
478,74458,True
478,79132,True
478,88125,True
478,91529,True
478,99114,True
478,109374,True
478,109487,True
479,4306,True
479,4886,True
479,4896,True
479,4963,True
479,4993,False
479,4995,True
479,5481,True
479,5618,False
479,5816,True
479,5952,False
479,6377,True
479,6539,True
479,7153,False
479,7361,True
479,8622,True
479,8961,True
479,33794,True
479,49530,True
479,56367,True
479,58559,True
479,59315,True
479,63082,True
479,64614,True
479,69757,True
479,72998,True
479,73017,True
479,79132,True
479,80463,True
479,81834,True
479,81845,True
479,88125,True
479,91529,True
479,99114,True
480,4246,True
480,4306,True
480,4896,True
480,4993,True
480,5010,True
480,5418,True
480,5445,True
480,5481,True
480,5816,True
480,5952,True
480,6016,True
480,6377,True
480,6502,True
480,6539,True
480,6874,True
480,6942,True
480,7153,True
480,7254,True
480,7438,False
480,8368,True
480,8644,True
480,8665,True
480,8874,True
480,8949,False
480,27773,True
480,30707,False
480,32587,True
480,33794,True
480,34405,True
480,40815,True
480,40819,True
480,44555,True
480,46578,True
480,48516,True
480,48774,True
480,48780,True
480,49530,True
480,51255,True
480,54286,True
480,55820,True
480,57669,True
480,58559,True
480,60069,True
480,69757,True
480,70286,True
480,72998,True
480,73017,True
480,74458,True
480,79132,True
480,80463,True
480,81834,True
480,81845,True
480,88125,True
480,89745,True
481,924,True
481,4246,True
481,4848,True
481,4886,True
481,4973,True
481,4993,True
481,5418,True
481,5618,True
481,5902,True
481,5952,True
481,5989,True
481,6016,True
481,6333,False
481,6377,True
481,6711,True
481,6863,True
481,6874,True
481,7147,True
481,7153,True
481,7254,True
481,7361,True
481,7438,True
481,8665,True
481,8949,True
481,27773,True
481,30707,True
481,30749,True
481,32587,True
481,33166,True
481,40819,True
481,44555,True
481,46578,True
481,48394,True
481,48516,True
481,50872,True
481,54286,True
481,55820,True
481,56367,True
481,60069,True
481,63082,True
481,64614,True
481,68157,True
481,68954,True
481,74458,True
481,78499,True
481,79132,True
481,88125,True
481,99114,True
481,109487,True
483,4878,True
483,4993,True
483,5378,False
483,5418,True
483,5952,True
483,6333,False
483,6365,False
483,7153,True
483,7438,False
483,8644,False
483,8665,True
483,8874,True
483,33493,False
483,34405,False
483,49530,True
483,54286,True
483,58559,True
483,59315,True
483,68358,False
483,70286,True
485,5991,True
486,924,True
486,4816,True
486,4973,False
486,4979,True
486,5902,True
486,7361,True
486,8874,True
486,8949,True
486,68954,True
486,70286,True
486,73017,True
486,78499,True
486,109374,True
486,112852,False
488,4878,True
488,5618,True
488,5995,True
488,6016,True
488,7361,True
488,46578,True
488,48394,True
488,48774,True
488,70286,True
489,924,True
494,5418,True
494,30707,True
494,34405,True
494,48516,True
494,48774,True
494,48780,True
494,49272,True
494,54286,True
494,60069,True
494,68157,True
498,5378,False
498,5481,False
500,4246,True
500,4370,False
500,4816,True
500,4973,True
500,4993,False
500,5218,False
500,5679,False
500,5952,False
500,5989,True
500,5995,True
500,6539,True
500,6942,True
500,7147,True
500,8949,False
500,30749,False
500,35836,False
500,46578,True
500,51662,False
500,56367,True
500,60069,False
500,69757,True
501,4306,True
501,4886,True
501,4896,True
501,4963,True
501,4973,True
501,4993,True
501,5669,True
501,5952,True
501,5989,True
501,6016,True
501,6377,True
501,6863,True
501,7153,True
501,7254,True
501,7361,True
501,8360,True
501,8644,True
501,8961,True
501,46578,True
501,48516,True
501,50872,True
501,51662,True
501,55820,True
501,56367,True
501,57669,True
501,60069,True
501,63082,True
501,64614,True
501,68157,True
501,68954,True
501,70286,True
501,72998,True
501,74458,True
501,78499,True
501,79132,True
501,80463,True
501,81845,True
502,671,True
503,4973,True
503,50872,True
503,58559,True
503,59315,True
503,60069,True
503,78499,True
503,81845,True
503,89745,True
503,112852,True
505,4370,False
505,6377,True
505,48394,False
505,48780,False
505,60069,False
507,671,True
509,924,True
509,4306,True
509,4308,False
509,4878,True
509,4886,True
509,4963,False
509,4973,True
509,4979,True
509,4993,True
509,5010,True
509,5445,True
509,5669,True
509,5902,True
509,5952,True
509,6016,True
509,6365,True
509,6539,True
509,6711,True
509,6934,True
509,7147,False
509,7153,True
509,7438,True
509,8376,True
509,8622,True
509,8874,False
509,8949,True
509,8961,True
509,30707,True
509,32587,False
509,33794,True
512,4963,True
512,5989,True
512,60069,True
512,63082,True
512,72998,True
512,74458,True
512,79132,True
512,116797,True
514,924,True
515,4886,True
515,4995,True
515,30707,True
515,33794,True
515,48516,True
515,54286,True
515,56367,True
515,58559,True
515,59315,True
515,69757,True
515,70286,True
515,72998,True
515,80463,True
519,924,True
519,4973,True
519,4979,True
519,4993,True
519,5618,True
519,5669,True
519,6711,True
519,6874,True
519,7361,True
519,7438,True
519,8874,True
519,27773,True
519,32587,True
519,35836,True
519,46578,True
519,51255,True
519,68157,True
519,99114,True
519,109374,True
520,4306,False
520,4370,False
520,4886,True
520,4973,True
520,4993,True
520,5816,True
520,5952,True
520,5989,True
520,7153,True
520,7438,True
520,8360,False
520,8961,True
520,30707,True
520,30749,True
520,33166,True
520,40815,True
521,4993,True
521,44555,True
521,48516,True
521,58559,True
521,79132,True
522,4239,True
522,4816,True
522,4963,True
522,4979,False
522,4993,True
522,4995,True
522,5989,True
522,6863,True
522,6874,True
522,7438,True
522,32587,True
522,44191,True
522,48516,True
522,64614,True
522,68157,True
522,80463,True
522,91529,True
522,99114,True
523,4896,True
523,4963,True
523,4993,True
523,4995,True
523,5349,True
523,5418,True
523,5445,True
523,5952,True
523,5989,True
523,6365,True
523,6377,True
523,6539,True
523,6711,True
523,6874,True
523,7153,True
523,8961,True
524,4239,True
524,4878,True
524,4896,True
524,4963,True
524,5816,True
524,6502,True
524,8368,True
524,8874,True
524,33794,True
524,40815,True
524,48780,True
524,51662,True
524,57669,True
524,58559,True
525,924,True
525,4306,True
525,4896,True
525,4993,True
525,5349,True
525,5378,True
526,4370,True
526,4995,True
526,5445,True
526,5502,True
526,5679,True
526,6333,True
526,8368,True
526,8961,True
526,50872,True
526,60069,True
526,79132,True
526,109487,True
527,4886,False
527,4993,True
527,5349,False
527,6502,True
527,35836,True
527,48516,True
527,51662,False
527,68358,True
528,4993,True
528,6378,True
528,8636,True
528,27773,True
528,34405,True
528,40819,True
529,924,True
529,4973,True
529,5991,True
529,5995,True
529,6377,True
529,8961,True
529,30749,True
529,33166,False
529,44555,True
529,56367,True
529,78499,True
529,81845,True
529,109374,True
531,4246,True
531,4306,True
531,4896,False
531,4963,True
531,4973,True
531,4993,False
531,5349,False
531,5952,False
531,6377,True
531,6539,True
531,6711,False
531,6863,True
531,6942,True
531,7361,False
531,8360,True
531,63082,True
532,4993,True
532,5349,True
532,5952,True
532,6377,True
532,7153,True
537,924,True
540,4973,True
540,5218,True
540,48516,True
540,48774,False
542,4306,True
542,4886,True
542,4896,True
542,4973,True
542,4993,True
542,5218,False
542,5445,True
542,5952,True
542,6377,True
542,6539,True
542,7153,True
542,40815,True
542,46578,False
542,50872,True
542,58559,True
542,59315,True
542,60069,True
542,68954,True
542,78499,True
542,81834,True
542,88125,True
542,91529,True
542,109374,True
542,116797,True
544,924,True
544,4246,True
544,4370,True
544,4848,True
544,4963,True
544,4993,True
544,4995,True
544,5010,True
544,5502,True
544,5952,True
544,6016,True
544,6502,True
544,6711,True
544,6863,True
544,6874,True
544,7153,True
544,7438,True
544,30749,True
544,33493,True
544,33794,True
544,40819,True
544,44191,True
544,44555,True
544,46578,True
544,48774,True
544,49272,True
544,51662,True
544,54286,True
544,55820,True
544,56367,True
544,58559,True
544,59315,True
544,68157,True
544,70286,True
544,79132,True
544,80463,True
544,91529,True
546,4370,True
546,4816,True
546,5445,True
546,5481,True
546,7153,True
546,8622,False
546,48780,True
546,58559,True
546,79132,True
547,671,True
547,924,True
547,4246,False
547,4308,True
547,4816,True
547,4848,True
547,4963,True
547,4973,True
547,4995,True
547,5377,True
547,5418,True
547,5502,True
547,5669,True
547,5679,True
547,5902,True
547,5989,True
547,5995,True
547,6016,True
547,6711,True
547,6942,True
547,7147,True
547,7361,True
547,8784,True
547,8949,True
547,30707,True
547,30749,True
547,33166,True
547,40819,True
547,44555,True
547,46578,True
547,48516,True
547,48774,True
547,55820,True
547,56367,True
547,57669,True
547,60069,True
547,63082,True
547,64614,True
547,68157,True
547,70286,True
547,72998,True
547,74458,True
547,78499,True
547,79132,True
547,80463,True
547,81845,True
547,89745,False
547,99114,True
547,109374,True
547,112852,True
548,671,True
549,671,True
553,4306,True
553,4896,True
553,4993,True
553,4995,True
553,5010,True
553,5218,True
553,5349,True
553,5378,True
553,5418,True
553,5816,True
553,5952,True
553,6016,True
553,6333,True
553,6365,True
553,6377,True
553,6378,True
553,6539,True
553,7153,True
553,8360,True
553,8368,True
553,8636,True
553,8644,True
553,8665,True
553,8874,True
553,33493,True
553,33794,True
553,34405,True
553,35836,True
553,40815,True
553,44191,True
553,45722,True
553,48516,True
553,48780,True
553,49272,True
553,49530,True
553,51255,True
553,51662,True
553,54286,True
553,55820,True
553,56367,False
553,58559,True
553,59315,True
553,68358,True
553,72998,True
553,73017,True
553,79132,True
553,81834,True
553,88125,True
553,89745,True
553,91529,True
553,99114,True
553,112852,True
554,4993,True
557,5481,True
557,35836,False
558,924,True
558,4239,True
558,4246,True
558,4306,True
558,4370,True
558,4848,True
558,4995,True
559,671,True
561,4308,True
561,4878,True
561,4896,True
561,4963,True
561,4993,True
561,5349,True
561,5502,False
561,5618,True
561,5816,True
561,5952,True
561,5991,True
561,6502,True
561,6539,True
561,6711,False
561,6863,True
561,6874,True
561,6942,True
561,7153,True
561,7361,True
561,7438,True
561,8368,True
561,8376,False
561,8622,False
561,8874,True
561,8961,True
561,33794,True
561,34405,True
561,35836,True
561,44191,True
561,45722,True
561,48516,True
561,49272,True
561,51662,True
562,4246,True
562,4306,True
562,4886,True
562,4896,True
562,4963,True
562,4973,True
562,4993,True
562,5349,True
562,5378,True
562,5418,True
562,5445,True
562,5816,True
562,5952,True
562,5989,True
562,5991,True
562,6333,True
562,6365,True
562,6377,True
562,6539,True
562,6863,True
562,7147,True
562,7153,True
562,8360,True
562,8368,True
562,8636,True
562,8644,True
562,8961,True
562,32587,True
562,33493,True
562,33794,True
562,35836,True
562,40815,True
562,40819,True
562,44191,True
562,45722,True
563,924,True
563,4306,True
563,5010,True
563,5445,True
563,5618,True
563,33166,True
563,33794,True
563,44191,True
563,48394,True
563,51255,True
563,57669,True
563,58559,True
563,59315,True
563,60069,True
563,68157,True
563,68954,True
563,70286,True
563,73017,True
563,74458,True
563,79132,True
563,91529,True
563,99114,True
563,109487,True
563,116797,True
564,671,True
566,54286,True
566,58559,True
566,59315,True
566,89745,True
567,924,True
567,44191,True
567,44555,True
567,48516,True
569,924,False
570,4306,False
570,4896,True
570,4993,True
570,5378,False
570,5445,True
570,5952,True
570,6378,True
570,6539,True
570,6874,True
570,7153,True
570,8368,True
570,8961,False
570,33794,False
570,40815,True
570,48774,True
570,49272,True
570,54286,True
570,58559,False
570,68358,False
570,73017,True
570,81834,True
570,112852,False
570,116797,True
571,4973,True
571,51662,True
572,4993,True
572,5952,True
572,6378,True
572,7153,True
572,48516,True
572,48780,True
572,58559,True
572,68954,True
572,99114,True
572,109487,True
574,4886,True
574,4979,True
574,4993,True
574,5418,True
574,5481,False
574,6016,True
574,6377,True
574,6711,True
574,6874,True
574,7438,True
574,8665,True
574,8784,True
574,30707,True
574,32587,True
574,33166,True
574,40819,True
574,44191,True
574,46578,True
574,48516,True
574,49272,True
574,49530,True
574,50872,True
574,54286,True
574,55820,True
574,56367,True
574,57669,True
574,58559,True
574,59315,True
574,60069,True
574,63082,True
574,64614,True
574,68358,True
575,924,False
575,4306,True
575,4896,True
575,4993,True
576,924,True
577,4306,True
577,4886,True
577,4896,True
577,4963,True
577,4993,True
577,5218,True
577,5349,True
577,5378,True
577,5502,True
577,5618,True
577,5816,True
577,5952,True
577,6333,True
577,6377,True
577,6539,True
577,7153,True
577,7361,True
577,8360,True
577,8368,True
577,8665,True
577,8949,True
577,8961,True
577,33493,True
578,6377,True
578,63082,True
578,74458,True
578,79132,False
580,671,True
580,4306,True
580,4308,True
580,4816,True
580,4878,True
580,4886,True
580,4963,False
580,4973,True
580,4979,True
580,4993,True
580,4995,True
580,5299,True
580,5349,True
580,5502,False
580,5618,True
580,5669,True
580,5902,True
580,5952,True
580,6333,True
580,6377,True
580,6502,True
580,6711,True
580,6934,False
580,7147,True
580,7153,True
580,7361,True
580,8368,True
580,8376,True
580,8622,False
580,8636,True
580,8874,True
580,8961,True
580,30707,True
580,33166,True
580,33794,True
580,34405,True
580,35836,True
580,44555,True
580,45722,False
580,46578,True
580,48394,True
580,48780,True
580,49530,True
580,50872,True
580,51255,True
580,55820,True
580,56367,True
580,57669,True
580,58559,True
580,59315,True
580,60069,True
580,68358,True
580,68954,True
580,73017,True
580,74458,True
581,924,False
581,4973,False
582,4246,False
582,4306,True
582,4308,True
582,4993,True
582,4995,True
582,5349,True
582,5377,False
582,5502,True
582,5952,True
582,5991,True
582,6378,True
582,6539,True
582,7153,True
582,8376,False
583,6016,True
583,58559,True
583,79132,True
583,91529,True
583,99114,True
583,109487,True
584,4239,True
584,4306,True
584,4886,True
584,4963,True
584,4993,True
584,4995,True
584,5349,True
584,5418,True
584,5952,True
584,5989,True
584,5995,True
584,6016,True
584,6377,True
584,6539,True
584,7153,True
584,7361,True
584,8665,True
584,30707,True
584,33794,True
584,44555,True
584,48516,True
584,48780,True
584,49272,True
584,49530,True
584,50872,True
584,51255,True
584,54286,True
584,58559,True
584,59315,True
584,60069,True
584,63082,True
584,64614,True
584,68358,True
584,68954,True
584,69757,True
584,70286,True
584,72998,True
584,73017,True
584,74458,True
585,924,True
586,4306,True
586,4963,True
586,4993,True
586,4995,True
586,5349,False
586,5445,True
586,5952,True
586,6539,False
586,6711,True
586,6874,True
586,7153,True
586,33493,False
586,48516,True
586,54286,True
587,924,True
587,4306,True
587,5418,True
587,5481,False
587,5902,True
587,5952,True
587,5989,True
587,5995,True
587,6016,True
587,7153,True
587,7361,True
587,8949,True
587,30707,True
587,30749,True
587,44555,True
587,49272,True
591,5299,True
596,4878,True
596,4963,True
596,4973,True
596,4979,True
596,4995,True
596,5010,True
596,5502,False
596,5669,True
596,5679,True
596,5989,True
596,5995,True
596,6016,True
596,6502,True
596,6539,True
596,6711,True
596,6874,True
596,7254,True
596,7361,True
596,7438,True
596,8376,True
596,8622,True
596,8665,False
596,8784,True
596,8949,True
596,8961,True
596,30707,True
596,30749,True
596,33166,True
596,40819,True
596,44555,True
596,48394,True
596,48516,True
597,671,True
597,924,True
598,924,True
598,4306,True
598,4308,True
598,4816,False
598,4886,True
598,4896,True
598,4963,True
598,4979,True
598,4993,True
598,4995,True
598,5377,True
598,5481,True
598,5502,True
598,5669,True
598,5816,True
598,5952,True
598,5989,True
598,6333,True
598,6377,True
598,6539,True
599,4246,True
599,4816,True
599,4896,True
599,4973,False
599,4993,True
599,5377,True
599,5816,True
599,7153,True
599,8368,True
599,40815,True
599,60069,True
599,69757,True
599,78499,True
599,80463,True
599,81834,True
599,81845,True
599,88125,True
599,89745,True
599,91529,True
600,4886,True
600,5618,True
600,6377,True
600,50872,True
600,68954,True
600,79132,True
600,81845,True
600,116797,True
601,6016,True
601,6502,True
601,7361,True
601,27773,True
601,34405,True
601,48516,True
601,48774,True
601,48780,True
601,58559,True
601,63082,True
601,68358,True
601,69757,True
605,924,False
606,4878,True
606,4979,True
606,6711,True
606,6874,True
606,7438,True
606,79132,True
607,4306,True
607,4886,True
607,4896,True
607,4963,True
607,4993,True
607,5218,True
607,5299,True
607,5349,True
607,5418,True
607,5445,True
607,5816,True
607,5952,True
607,5989,True
607,6333,True
607,6365,True
607,6377,True
607,6378,True
607,6539,True
607,6874,True
607,7153,True
607,7438,True
607,8360,True
607,8368,True
607,8376,False
607,8636,True
607,8644,True
607,8665,True
607,8961,True
607,32587,True
607,33493,True
607,33794,True
607,34405,True
607,40815,True
608,924,True
610,4848,True
610,4973,True
610,4979,True
610,5989,True
610,5995,True
610,6016,True
610,6711,True
610,6942,False
610,7361,True
610,8874,True
610,27773,True
610,30749,True
610,44555,True
610,46578,True
610,48516,True
610,48780,True
610,56367,True
610,57669,True
610,63082,True
610,69757,True
611,4963,True
611,6539,True
611,45722,True
612,4963,True
612,4993,True
612,5378,True
612,5679,True
612,40815,True
612,49530,True
612,63082,True
612,80463,True
612,99114,True
613,4993,True
613,5952,True
613,6333,True
613,6874,True
613,7153,True
613,7438,True
613,8961,True
613,49272,True
615,4306,True
615,4308,True
615,4370,True
615,4886,True
615,4995,True
615,5010,True
615,5418,True
615,5445,True
615,5952,True
615,5989,True
615,6016,True
615,6377,True
615,6502,True
615,6711,True
615,6874,True
615,6942,True
615,7153,True
615,7361,True
615,7438,True
615,8636,False
615,8784,False
615,8874,True
615,8961,True
615,27773,True
615,30707,True
615,32587,True
615,33794,True
615,34405,True
615,46578,True
615,48394,True
615,48516,True
615,48774,True
615,48780,True
615,49272,True
615,51255,True
615,51662,True
615,55820,True
615,56367,True
615,57669,True
615,58559,True
615,60069,True
615,68157,True
615,68954,True
615,69757,True
615,70286,True
615,72998,True
615,78499,True
615,79132,True
615,81845,True
615,89745,True
615,99114,True
615,109374,True
615,112852,True
618,4306,True
618,4308,True
618,4973,True
620,924,True
620,4239,False
620,4306,False
620,4308,True
620,4973,True
620,4979,True
620,4993,False
620,5299,False
620,5378,True
620,5816,True
620,5952,False
620,6377,False
620,6711,True
620,6863,True
620,6942,False
620,7153,False
620,7361,True
620,8368,True
620,8961,True
620,30707,False
620,40815,True
620,40819,True
620,44191,True
620,45722,False
620,46578,True
620,50872,True
620,51662,False
620,68954,True
620,72998,False
620,73017,True
620,74458,False
620,81834,True
620,88125,True
620,109374,True
621,4306,True
621,4993,True
621,5952,True
621,7153,True
621,8961,False
622,4993,True
622,7153,True
622,7438,False
622,8360,True
622,8636,True
622,8961,True
622,33794,True
622,44191,True
622,48394,True
622,58559,True
622,64614,True
622,99114,True
622,109487,True
622,112852,True
623,4306,True
623,4816,True
623,4878,True
623,4963,True
623,4973,True
623,5349,True
623,5418,True
623,5952,True
623,5989,True
623,6016,True
623,6377,True
623,6539,True
623,6874,True
623,7153,True
623,7361,True
623,7438,True
623,8665,True
623,8961,True
623,33794,True
623,45722,True
623,46578,True
623,48516,True
623,50872,True
623,51662,True
623,57669,True
623,58559,True
623,59315,True
623,60069,True
624,671,True
624,924,True
624,4878,True
624,4886,True
624,4963,True
624,4993,True
624,5010,True
624,5299,True
624,5349,True
624,5445,True
624,5481,True
624,5669,True
624,5952,True
624,5989,True
624,6016,True
624,6333,True
624,6365,False
624,6863,True
624,6874,True
624,7153,True
624,8636,True
624,8874,True
624,8949,True
624,8961,True
624,30707,True
624,32587,True
624,33166,True
624,35836,True
624,46578,True
624,48516,True
624,49272,True
624,51255,True
624,57669,True
624,59315,True
624,73017,True
624,74458,True
624,78499,True
624,79132,True
624,80463,True
624,81845,True
625,4816,False
625,4878,True
625,4973,True
625,4995,True
625,5618,True
625,5989,True
625,8368,True
625,44191,True
625,48774,True
625,50872,True
625,63082,True
625,68358,True
625,68954,True
625,72998,True
625,73017,True
625,74458,True
625,79132,True
625,99114,True
625,109374,True
625,109487,True
625,116797,True
627,4896,True
627,4963,True
627,4993,True
627,5010,False
627,5218,True
627,5418,True
627,5669,True
627,5816,True
627,5952,True
627,6539,True
627,6863,False
627,6942,True
627,7254,True
627,8368,True
627,8622,True
627,30707,False
627,33166,True
627,33794,True
627,40815,True
627,44191,True
627,48516,True
627,49272,True
627,49530,True
627,51255,True
627,51662,True
628,4878,True
628,8874,True
628,27773,True
628,44555,True
628,48394,True
628,57669,False
628,69757,False
630,4973,True
632,4306,True
632,4963,True
632,8961,True
632,33794,True
632,58559,True
632,59315,True
632,68157,True
642,924,True
643,58559,True
645,5816,True
645,6333,True
648,4896,False
648,4973,True
648,4993,False
648,4995,True
648,5669,True
648,5952,False
648,6016,True
648,6377,True
648,6539,True
648,6711,True
648,7361,True
648,8376,True
648,8961,True
648,30749,True
648,32587,True
648,33166,True
648,40819,True
648,45722,True
648,48394,False
648,49530,True
648,51255,True
648,63082,True
652,4246,True
652,5349,True
652,5377,True
652,57669,True
652,89745,True
654,671,True
654,924,True
654,4246,True
654,4306,True
654,4308,False
654,4370,True
654,4878,True
654,4886,True
654,4896,True
654,4963,True
654,4993,True
654,4995,True
654,5299,True
654,5349,True
654,5377,True
654,5378,True
654,5445,True
654,5481,True
654,5502,True
654,5679,True
654,5816,True
654,5952,True
654,5989,True
654,5991,True
654,6333,True
654,6365,True
654,6377,True
654,6378,True
654,6502,True
654,6539,True
654,6863,True
654,6874,True
654,6934,True
654,6942,True
654,7147,True
654,7153,True
654,7254,True
654,7361,True
654,7438,True
654,8360,True
654,8368,True
654,8376,True
654,8622,False
654,8636,True
654,8784,True
654,8961,True
654,30707,True
654,32587,True
654,33166,True
654,33493,True
654,33794,True
654,34405,True
654,35836,True
654,40815,True
654,40819,True
654,44191,True
655,4306,True
655,4993,True
655,5952,True
655,5991,True
655,6539,True
655,6874,True
655,7153,True
655,7254,False
655,8874,True
655,32587,True
655,45722,True
655,46578,False
655,58559,True
655,72998,True
655,79132,False
660,4993,True
660,5952,True
660,6874,True
660,7153,True
660,8961,True
660,30707,True
660,33493,True
660,40815,True
660,49272,True
660,58559,True
660,59315,True
660,60069,True
660,68157,True
660,68358,True
660,68954,True
660,70286,True
660,72998,True
660,73017,True
660,79132,True
660,81834,True
660,88125,True
660,89745,True
660,99114,True
660,109487,True
660,112852,True
661,5952,True
661,7153,True
661,8961,True
661,46578,True
661,48516,True
664,924,True
664,4239,True
664,4306,True
664,4370,True
664,4816,True
664,4878,True
664,4993,True
664,5010,True
664,5349,True
664,5418,True
664,5445,True
664,5618,True
664,5669,True
664,5679,True
664,5952,True
664,6016,True
664,6365,True
664,6539,True
664,6874,True
664,7147,True
664,7153,True
664,7254,True
664,7361,True
664,7438,True
664,8636,True
664,8784,True
664,8874,True
664,8961,True
664,30707,True
664,30749,True
664,32587,True
664,33794,True
664,34405,True
664,44191,True
664,48394,True
664,48516,True
664,48780,True
664,49530,True
664,51662,True
664,58559,True
664,59315,True
664,63082,True
664,64614,True
664,68157,True
664,68358,True
664,68954,True
664,70286,True
664,72998,True
664,73017,True
664,74458,True
664,78499,True
664,79132,True
664,80463,True
664,89745,True
664,91529,True
664,99114,True
664,109487,True
664,112852,True
664,116797,True
665,4306,True
665,4308,True
665,4370,False
665,4896,True
665,4993,True
665,5377,True
665,5378,True
665,5502,True
665,5952,True
665,5991,True
671,4306,True
671,4886,True
671,4896,True
671,4963,True
671,4973,True
671,4993,True
671,4995,True
671,5010,False
671,5218,False
671,5349,True
671,5377,True
671,5445,True
671,5669,True
671,5816,True
671,5952,True
671,5989,True
671,5991,True
671,5995,True
671,6365,True
