user,movie,score
5,4995,4.5
5,5299,4.5
5,5349,4.5
5,5679,4.5
5,5995,4.0
5,6377,4.0
5,6502,4.0
5,6942,4.0
5,8376,4.0
5,8636,4.5
5,8644,4.0
5,30707,4.5
5,30749,4.5
5,33166,5.0
5,35836,4.0
5,40819,4.5
6,5952,5.0
6,7153,5.0
6,7361,4.0
6,8636,4.0
6,8874,4.5
7,671,4.0
7,924,4.0
8,4963,4.5
8,4973,4.0
8,5445,4.5
8,5952,4.0
8,6377,4.0
8,6874,5.0
8,7153,4.0
8,7361,4.0
8,7438,4.0
8,8784,4.5
8,33166,4.5
8,33493,4.5
8,33794,4.5
11,48516,5.0
11,79132,4.0
11,91529,4.5
13,4306,4.0
13,4878,4.5
13,4993,4.5
13,5989,4.0
13,6377,4.5
13,7361,4.0
13,58559,4.5
13,64614,4.5
13,69757,4.0
13,78499,4.0
13,81834,4.5
13,88125,4.5
15,924,5.0
15,4239,1.0
15,4246,2.0
15,4306,1.0
15,4308,2.0
15,4370,1.0
15,4848,2.0
15,4878,4.0
15,4886,5.0
15,4896,1.0
15,4963,4.0
15,4973,2.0
15,4979,5.0
15,4993,5.0
15,4995,1.0
15,5010,4.5
15,5218,1.0
15,5299,0.5
15,5349,1.0
15,5377,4.0
15,5418,2.0
15,5445,5.0
15,5481,2.0
15,5502,1.0
15,5618,1.5
15,5669,4.0
15,5679,4.0
15,5816,1.0
15,5902,4.0
15,5952,5.0
15,5991,1.0
15,5995,4.0
15,6016,2.0
15,6365,1.0
15,6377,1.0
15,6863,2.0
15,6874,1.0
15,6934,1.5
15,7147,1.5
15,7153,1.5
15,7254,1.0
15,7361,5.0
15,7438,0.5
15,8368,1.5
15,8644,1.0
15,8784,2.0
15,8949,4.5
15,8961,2.0
15,27773,1.0
15,30707,1.5
15,30749,2.0
15,33493,5.0
15,33794,4.5
15,34405,0.5
15,40815,1.5
15,44555,1.0
15,45722,2.0
15,46578,1.0
15,48394,1.5
15,48774,4.0
15,48780,4.0
15,49272,4.0
15,51255,1.5
15,51662,2.0
15,55820,2.0
15,56367,2.0
15,57669,1.5
15,58559,4.5
15,59315,4.5
15,60069,4.5
15,63082,0.5
15,68358,4.5
15,68954,2.0
15,70286,5.0
15,72998,4.0
15,73017,1.0
15,74458,0.5
15,78499,2.0
15,79132,5.0
15,80463,2.0
15,81834,2.0
15,99114,1.5
15,109374,1.0
15,112852,4.5
15,116797,0.5
16,4246,4.0
16,4995,4.5
16,5445,4.5
16,6016,4.0
16,6711,4.5
17,924,4.5
17,4246,0.5
17,4848,5.0
17,4878,4.0
17,4896,0.5
17,4963,4.0
17,4973,4.5
17,4993,4.5
17,5299,0.5
17,5349,1.5
17,5445,4.5
17,5502,0.5
17,5669,4.5
17,5679,4.0
17,5952,4.5
17,6016,5.0
17,6365,2.0
17,6378,2.0
17,6711,1.5
17,6874,4.5
17,7153,4.5
17,7254,4.0
17,7361,4.5
17,7438,4.5
17,8644,2.0
17,27773,5.0
17,32587,5.0
19,924,4.0
20,671,4.0
20,4993,4.0
20,7153,4.0
21,924,4.0
22,4239,2.0
22,4306,4.5
22,4886,4.0
22,4993,5.0
22,5349,5.0
22,5445,4.5
22,5679,4.0
22,5952,4.5
22,6333,4.5
22,6539,4.0
22,6874,4.0
22,6934,2.0
22,7147,4.0
22,7153,4.0
22,7438,4.5
22,8636,4.5
22,32587,4.5
23,4308,4.5
23,4848,4.0
23,4963,5.0
23,4973,5.0
23,4979,4.0
23,4993,4.0
23,4995,4.5
23,5349,2.0
23,5378,0.5
23,5502,4.0
23,5669,4.0
23,5902,5.0
23,5952,4.0
23,5989,5.0
23,5995,4.5
23,6016,5.0
23,6365,4.5
23,6539,4.5
23,6874,5.0
23,7147,4.0
23,7153,4.5
23,7361,4.5
23,8368,4.0
23,8376,4.5
23,30749,4.5
23,33166,5.0
23,33493,4.0
23,44191,4.5
26,4306,4.0
26,4963,1.5
26,4979,4.0
26,5218,4.0
26,5418,4.0
26,5952,4.0
26,5989,2.0
26,6016,5.0
26,6333,0.5
26,6539,1.5
26,6874,4.5
26,8665,4.0
26,8784,2.0
26,8874,1.5
26,8961,4.0
26,32587,4.0
26,33794,4.0
26,44191,5.0
26,48516,4.5
26,48780,4.5
26,49272,4.0
26,49530,4.0
26,50872,5.0
26,51662,4.0
26,54286,5.0
26,58559,5.0
26,68358,2.0
28,924,4.0
29,6502,5.0
29,51662,4.5
29,58559,5.0
30,924,4.0
30,4239,5.0
30,4246,4.0
30,4306,5.0
30,4308,5.0
30,4370,4.0
30,4886,4.0
30,4896,4.0
30,4963,5.0
30,4979,4.0
30,4995,5.0
30,5299,5.0
30,5445,4.0
30,5679,1.0
30,5902,4.0
30,5989,5.0
30,5991,5.0
31,4886,4.0
31,4993,4.5
31,5418,4.5
31,5952,4.5
31,6711,4.5
31,7153,4.5
31,7361,5.0
31,8961,4.0
31,33794,4.5
31,44191,4.0
31,48394,4.5
31,50872,4.5
31,55820,4.0
31,58559,5.0
31,59315,5.0
31,64614,4.5
31,72998,4.0
33,4878,4.0
33,5669,4.0
34,924,5.0
38,4973,4.0
38,4993,4.0
38,4995,4.5
38,5349,4.0
38,5418,4.5
38,5952,4.5
38,6539,4.0
38,6874,4.0
38,7153,4.5
38,33794,4.0
38,44555,4.5
38,49530,4.0
38,58559,4.5
38,60069,4.0
38,64614,4.5
38,79132,4.0
38,109374,4.0
40,4993,4.5
40,7153,4.5
40,7361,4.5
40,8874,4.5
40,8961,4.5
40,33794,4.0
40,44191,4.5
40,48516,5.0
40,48774,5.0
40,48780,5.0
40,49272,4.5
40,51255,5.0
40,55820,4.5
40,58559,4.5
40,68157,4.0
40,68954,4.5
40,70286,4.5
40,79132,4.5
40,99114,4.0
40,109487,4.5
40,116797,4.0
41,924,5.0
41,4306,4.0
41,4370,4.0
41,5445,4.0
41,5618,4.0
41,6333,4.0
41,6365,4.0
41,6863,4.0
41,6934,4.0
41,8644,4.5
42,4886,4.0
42,4993,5.0
42,5349,4.0
42,5952,4.5
42,7153,4.0
42,8636,4.0
42,8961,4.0
42,44191,4.0
42,48394,4.0
42,48516,4.5
42,58559,4.5
42,59315,4.0
42,70286,4.5
42,73017,4.0
42,79132,4.5
42,89745,4.0
42,109487,4.0
45,4246,1.0
46,4993,5.0
46,5952,5.0
46,7153,5.0
46,33794,5.0
46,49530,5.0
46,50872,5.0
46,58559,5.0
46,79132,5.0
46,80463,5.0
46,81834,5.0
46,88125,5.0
46,89745,5.0
46,91529,5.0
48,924,4.5
48,4306,4.0
48,4878,4.5
48,4973,5.0
48,4993,4.5
48,4995,4.0
48,5010,4.0
48,5218,4.0
48,5618,4.5
48,5669,4.0
48,5902,4.0
48,5952,4.0
48,5995,4.0
48,6016,4.5
48,6377,4.0
48,6539,4.0
48,7153,4.0
48,7254,4.0
48,7361,4.5
48,8636,4.0
48,8784,4.5
48,8874,4.5
48,32587,4.5
48,44555,4.5
48,48394,4.0
48,51662,4.0
48,57669,4.0
48,58559,4.0
48,59315,4.0
48,60069,4.0
48,68157,4.0
48,68954,4.0
48,69757,4.5
48,70286,4.5
48,72998,4.5
48,73017,4.0
48,78499,4.0
48,79132,4.0
48,80463,4.5
48,99114,4.0
52,4246,5.0
52,4896,5.0
52,4973,5.0
52,5816,4.5
52,6942,4.0
52,8368,5.0
52,40815,5.0
52,44555,4.5
54,4963,4.5
54,5418,4.5
54,6378,4.5
54,8665,4.5
54,33794,1.0
54,48516,4.5
54,48780,5.0
54,54286,4.5
54,55820,1.5
54,60069,5.0
54,68157,4.5
54,78499,4.5
56,924,2.0
56,4306,4.0
56,4370,4.0
56,4816,2.0
56,4848,4.0
56,4878,4.0
56,4886,4.0
56,4896,4.0
56,4973,5.0
56,4993,4.0
56,5377,5.0
56,5418,4.0
56,5445,4.0
56,5816,4.0
56,5902,4.0
56,5952,4.0
56,5995,4.0
56,6016,5.0
56,6377,4.0
56,6863,5.0
56,6874,4.0
56,6942,2.0
56,7147,4.0
56,7153,4.0
56,7361,5.0
56,7438,4.0
56,8360,4.0
56,8368,4.0
56,8376,4.0
56,8665,4.0
56,8784,2.0
56,8874,5.0
56,8961,4.0
56,27773,5.0
56,32587,4.0
56,33166,2.0
56,33794,4.0
56,35836,5.0
56,40815,4.0
56,44191,4.0
56,46578,5.0
56,48516,4.0
56,49272,5.0
56,50872,4.0
56,51255,5.0
56,51662,2.0
56,54286,4.0
56,55820,5.0
56,56367,5.0
56,57669,5.0
56,58559,5.0
56,59315,2.0
56,63082,4.0
56,68157,4.0
56,68954,4.0
56,70286,4.0
56,78499,5.0
56,79132,5.0
56,80463,4.0
56,81834,4.0
56,88125,4.0
56,91529,2.0
56,99114,4.0
56,112852,2.0
56,116797,4.0
58,924,5.0
59,4306,1.5
59,4993,4.5
59,5952,5.0
59,7153,5.0
59,7361,4.0
59,8961,5.0
59,33794,2.0
60,4973,4.5
60,5618,4.0
60,5995,5.0
60,6502,4.5
60,7361,5.0
60,27773,4.5
60,30749,5.0
61,4993,5.0
61,5349,4.5
61,5481,1.5
61,5618,5.0
61,5952,5.0
61,6539,1.5
61,6863,4.5
61,7153,5.0
61,8360,2.0
61,8376,0.5
61,8961,4.0
61,33794,5.0
61,40815,4.0
61,44191,5.0
61,46578,5.0
61,48394,4.5
61,48780,5.0
61,50872,4.0
61,56367,4.5
61,57669,4.5
61,58559,5.0
61,59315,4.0
61,60069,5.0
62,5418,4.0
62,6016,4.0
62,8665,4.5
62,48774,4.0
62,54286,4.0
62,58559,5.0
62,68157,4.5
62,70286,4.0
62,79132,5.0
62,109487,4.5
63,4306,5.0
63,4993,5.0
63,5349,5.0
63,5952,5.0
63,6333,5.0
63,6711,5.0
63,6863,4.0
63,7153,5.0
65,924,4.0
68,4306,4.5
68,4993,5.0
68,4995,4.0
68,5349,4.0
68,5816,4.0
68,5952,5.0
68,5989,4.0
68,5995,1.5
68,6539,4.0
68,6874,1.0
68,7153,5.0
68,8360,4.5
68,8636,4.0
68,8961,4.0
68,56367,4.5
69,4306,5.0
69,4886,5.0
69,4896,4.5
69,4993,5.0
69,5816,4.5
69,5952,5.0
69,6377,5.0
69,6539,4.0
69,7153,5.0
69,7361,4.5
69,8961,4.0
69,69757,5.0
72,924,4.0
72,4878,4.0
72,6711,4.0
72,6934,2.0
72,8961,2.0
72,50872,4.0
72,55820,5.0
72,56367,4.0
72,60069,4.0
72,68954,4.0
72,72998,2.0
73,924,1.5
73,4239,4.5
73,4306,4.0
73,4816,2.0
73,4878,4.0
73,4979,4.0
73,4993,5.0
73,4995,4.5
73,5010,4.0
73,5349,4.0
73,5481,2.0
73,5618,4.0
73,5669,4.0
73,5902,4.0
73,5952,5.0
73,5989,4.0
73,5991,1.5
73,6016,5.0
73,6365,2.0
73,6377,4.0
73,6539,4.0
73,6711,4.5
73,6874,4.5
73,6934,2.0
73,7147,2.0
73,7153,5.0
73,7361,4.5
73,7438,4.0
73,8784,4.0
73,8874,4.0
73,27773,5.0
73,30707,4.5
73,30749,5.0
73,32587,4.5
73,33166,5.0
73,33794,4.0
73,44191,4.0
73,48516,4.0
73,48774,4.5
73,48780,4.5
73,49272,4.0
73,55820,4.5
73,57669,4.0
73,58559,5.0
73,63082,5.0
73,64614,4.5
73,68157,4.0
73,68954,4.0
73,69757,4.5
73,72998,4.0
73,74458,4.5
73,78499,4.5
73,79132,4.0
73,80463,4.5
73,81834,4.0
73,88125,4.5
73,89745,4.5
73,91529,4.0
73,99114,4.5
73,109374,4.5
73,109487,4.5
73,112852,5.0
73,116797,4.0
75,4878,4.0
75,4973,4.0
75,4993,4.5
75,5445,4.0
75,5952,4.5
75,7153,5.0
75,7254,4.0
75,7361,4.5
75,33166,4.5
75,33794,4.5
77,4246,2.0
77,4886,4.0
77,4979,2.0
77,5218,4.0
77,5349,4.0
77,5378,1.0
77,5502,0.5
77,5618,4.0
77,5669,0.5
77,6333,4.0
77,6377,0.5
77,6539,4.0
77,7147,4.0
77,8622,0.5
77,8636,4.0
77,8644,2.0
77,8665,4.0
77,8874,4.5
77,8961,4.0
77,32587,4.5
77,33794,4.0
77,34405,4.5
77,40819,4.0
77,44191,4.5
77,45722,4.0
78,924,2.0
78,4239,5.0
78,4306,1.5
78,4308,4.5
78,4370,4.5
78,4878,4.0
78,4973,5.0
78,4993,4.5
78,4995,4.5
78,5010,4.0
78,5378,5.0
78,5418,5.0
78,5445,4.5
78,5502,4.5
78,5669,5.0
78,5952,5.0
78,5989,4.5
78,6016,5.0
78,6365,5.0
78,6502,5.0
78,6874,4.0
78,6934,5.0
78,7153,5.0
78,7254,4.0
78,7438,4.0
78,8622,5.0
78,8644,5.0
78,8665,5.0
78,8874,4.0
78,33166,5.0
78,33493,5.0
78,33794,4.0
78,44555,4.5
78,48774,4.0
78,51662,5.0
78,54286,5.0
78,58559,5.0
78,68358,4.0
78,69757,4.0
78,72998,5.0
78,79132,4.5
78,81834,4.5
78,88125,4.5
79,924,2.0
80,671,4.0
81,924,4.0
81,4848,4.0
81,4878,2.0
81,5618,4.0
81,6711,4.0
81,7361,4.0
81,69757,2.0
83,4886,4.0
83,4963,4.5
83,5377,4.0
83,5445,0.5
83,5669,4.0
83,5902,0.5
83,6863,4.5
83,8376,4.0
83,8784,4.0
83,8874,4.5
84,4306,4.0
84,4886,4.0
84,4963,4.0
84,4993,4.5
84,4995,4.5
84,5010,4.0
84,5952,4.5
84,6016,4.0
84,6874,4.0
84,7153,5.0
84,7438,4.0
84,8368,4.0
84,8961,4.0
84,33794,4.0
84,35836,4.0
84,54286,4.0
84,58559,4.0
84,72998,4.0
84,74458,4.0
84,89745,4.0
84,91529,4.0
84,116797,4.5
86,671,4.0
88,924,4.0
88,4246,4.0
88,4886,4.0
88,4963,4.5
88,4973,5.0
88,4979,4.0
88,4993,4.0
88,5377,4.5
88,5378,1.0
88,5418,4.0
88,5618,4.0
88,5679,2.0
88,5995,4.5
88,6016,4.0
88,6377,4.0
88,6539,4.0
88,6711,4.5
88,6874,4.0
88,6942,4.5
88,7147,4.0
88,7361,4.0
88,7438,4.0
88,8644,4.0
88,8665,4.0
88,8784,4.0
88,33794,2.0
88,40819,4.5
88,50872,4.0
88,56367,5.0
88,57669,4.0
88,68954,4.5
89,4886,4.0
89,4896,5.0
89,4963,5.0
89,5349,4.5
89,5418,5.0
89,5952,5.0
89,6365,5.0
89,6539,5.0
89,6874,5.0
89,7153,5.0
89,7438,5.0
89,33794,5.0
89,45722,5.0
89,48516,5.0
89,49272,4.0
89,51662,5.0
89,58559,5.0
89,59315,5.0
91,4306,4.5
91,4886,5.0
91,4973,4.5
91,4993,5.0
91,5218,4.5
91,5418,5.0
91,5952,5.0
91,7153,5.0
91,8360,4.5
91,33794,5.0
91,35836,4.0
91,44191,4.5
91,54286,5.0
91,58559,5.0
91,59315,5.0
91,68358,4.5
91,68954,4.0
91,73017,4.5
91,78499,5.0
91,79132,5.0
91,89745,5.0
91,109374,5.0
91,112852,5.0
93,4246,4.0
93,4963,4.0
93,4979,4.5
93,4993,5.0
93,4995,4.0
93,5952,5.0
93,5989,4.0
93,6711,4.0
93,7153,5.0
93,8949,4.0
93,8961,5.0
93,46578,4.0
93,56367,5.0
93,59315,4.0
93,68954,5.0
93,72998,4.0
93,78499,5.0
93,79132,4.0
93,81845,4.0
94,4306,5.0
94,4878,4.0
94,4973,4.5
94,4993,4.5
94,4995,5.0
94,5010,4.0
94,5349,4.0
94,5418,4.0
94,5502,1.5
94,5952,4.0
94,5989,4.5
94,5991,4.0
94,6377,4.0
94,6378,1.0
94,6711,1.5
94,6863,4.0
94,6934,1.5
94,7153,4.5
94,7254,2.0
94,7438,2.0
94,8874,2.0
94,8949,1.5
94,30707,4.5
94,30749,4.5
94,32587,4.0
94,33166,4.5
94,35836,4.5
94,40819,4.0
94,44191,4.0
94,46578,4.0
94,48516,4.0
94,51662,4.0
94,58559,4.0
94,60069,5.0
94,64614,4.0
94,68954,5.0
94,70286,4.0
94,72998,4.0
94,78499,4.0
94,79132,4.0
95,4993,5.0
95,5349,4.0
95,5378,5.0
96,7361,4.0
96,48516,4.0
97,4816,4.0
97,4878,5.0
97,4973,4.5
97,5618,4.0
97,6711,4.0
97,6863,4.0
97,8784,1.5
97,44555,4.5
97,46578,5.0
97,48394,1.5
97,48516,2.0
97,55820,4.0
97,56367,4.0
97,58559,2.0
97,91529,1.0
98,4246,5.0
98,4878,4.0
98,6874,5.0
98,7438,5.0
98,8360,5.0
98,8874,5.0
98,81834,5.0
99,4246,4.0
99,4973,5.0
99,4993,5.0
99,4995,5.0
99,5349,4.0
99,5952,4.0
99,5991,5.0
101,4993,5.0
101,5952,5.0
101,7153,4.5
101,33794,5.0
101,54286,4.0
101,58559,5.0
101,68358,4.5
101,70286,4.5
101,79132,5.0
102,924,5.0
103,671,4.0
103,4370,4.0
103,4848,5.0
103,4896,4.0
103,4973,5.0
103,5349,4.0
103,5445,4.0
103,5816,4.0
103,6333,4.0
103,6502,4.0
103,6874,5.0
103,7438,5.0
104,4993,4.0
104,4995,4.0
104,5952,5.0
104,6539,4.5
104,7153,4.0
104,8636,4.0
104,8644,4.0
104,33794,4.5
104,48780,4.0
104,51662,4.0
104,58559,4.5
104,59315,4.5
104,60069,4.5
104,64614,4.0
104,68358,4.0
104,70286,4.0
104,72998,4.5
104,73017,4.0
104,74458,4.5
104,79132,4.5
104,89745,4.5
104,91529,4.5
104,109487,4.5
104,112852,5.0
105,4239,4.0
105,4993,5.0
105,5218,4.0
105,5377,4.0
105,5418,4.0
105,5952,5.0
105,6016,5.0
105,6378,2.0
105,6711,4.0
105,6874,4.0
105,7153,5.0
105,7438,4.0
105,8949,4.0
105,32587,4.5
105,33166,4.0
105,51255,1.5
106,4306,4.0
106,4886,4.0
106,6377,4.5
106,48394,5.0
106,58559,5.0
106,59315,5.0
106,60069,5.0
107,4239,2.0
107,4816,0.5
107,5669,4.0
107,5995,4.5
107,6016,4.5
107,6377,4.0
107,6502,1.5
107,6874,4.0
107,7361,4.0
107,109487,4.0
109,4993,4.0
109,5445,4.0
111,4246,4.5
111,4308,4.0
111,4816,4.0
111,4963,4.5
111,4973,5.0
111,4979,4.0
111,4993,4.0
111,5349,4.0
111,5377,4.0
111,5902,1.5
111,5952,4.5
111,6378,4.0
111,6502,4.0
111,6942,4.0
111,7153,4.5
111,8622,4.0
115,7361,5.0
116,4306,5.0
116,4993,5.0
116,5952,5.0
116,6539,4.0
116,7153,5.0
117,8949,4.0
117,30707,5.0
117,81845,4.0
118,924,5.0
119,924,4.0
120,4963,4.0
120,4973,0.5
120,5349,4.0
120,5418,4.0
120,5445,4.0
120,6874,2.0
120,8636,4.0
120,32587,1.5
124,4306,5.0
124,4973,4.0
124,4993,5.0
124,5952,5.0
124,6377,4.5
124,6539,4.5
124,6874,2.0
124,7153,5.0
124,7254,4.5
124,7438,2.0
124,8360,4.5
124,8961,4.0
124,32587,4.0
125,4306,5.0
125,4886,4.0
125,4979,5.0
125,4993,4.5
125,5349,4.0
125,5377,4.0
125,5378,1.0
125,5502,5.0
125,5989,5.0
125,6377,5.0
125,6711,5.0
125,6942,5.0
125,7147,5.0
125,7153,4.0
125,7361,5.0
125,8376,4.0
125,8784,4.0
125,8949,5.0
125,8961,4.0
125,30707,4.0
125,32587,4.5
125,33166,5.0
125,33493,1.5
125,35836,4.0
125,40819,4.0
125,44191,4.5
125,46578,5.0
125,48394,4.5
125,48516,5.0
125,48774,4.5
125,48780,4.5
125,49272,4.0
125,55820,5.0
125,56367,4.5
125,58559,5.0
125,59315,4.5
125,64614,4.5
125,68157,5.0
125,68358,4.5
125,68954,4.5
128,4306,5.0
128,4308,5.0
128,4878,4.0
128,4886,5.0
128,4896,4.0
128,4963,5.0
128,4973,5.0
128,4993,5.0
128,5010,1.0
128,5299,5.0
128,5418,4.0
128,5502,5.0
128,5679,5.0
128,5952,5.0
128,5989,5.0
128,5991,5.0
130,4896,4.0
130,4993,5.0
130,5349,4.0
130,5378,4.0
130,5816,4.0
130,5952,4.0
130,6333,4.0
130,6539,4.5
130,6934,2.0
130,7153,5.0
130,8368,4.0
130,8376,4.0
130,8961,4.0
130,33493,4.0
131,4246,5.0
132,4973,4.5
132,4979,5.0
132,5902,5.0
132,6016,4.0
132,6711,4.5
132,8949,4.0
132,44555,4.5
132,46578,5.0
132,48394,4.0
132,50872,4.0
132,56367,4.0
132,68954,4.0
132,69757,4.5
133,4896,4.0
133,4979,4.0
133,4993,0.5
133,5218,0.5
133,5816,4.0
133,6874,0.5
133,7147,0.5
133,8368,4.0
133,33166,4.0
133,40815,4.0
133,40819,1.5
133,45722,2.0
133,46578,1.5
133,48394,0.5
133,56367,5.0
133,57669,4.0
133,60069,0.5
133,64614,2.0
133,68157,5.0
133,69757,4.5
133,79132,1.0
133,81834,4.0
133,88125,4.0
133,109374,2.0
134,924,4.0
134,4306,4.0
134,4878,4.5
134,4896,4.0
134,4963,4.5
134,4973,5.0
134,4979,4.5
134,5349,4.5
134,5378,4.0
134,5418,5.0
134,5445,4.5
134,6333,5.0
134,6365,4.0
134,6502,4.5
134,6874,5.0
134,7438,5.0
134,8874,4.5
134,34405,5.0
134,48394,5.0
134,48516,4.0
134,48774,4.5
134,49272,4.5
134,51255,4.0
134,54286,4.5
134,55820,4.0
134,57669,4.5
134,59315,4.5
134,68157,5.0
134,68358,4.0
134,68954,4.5
134,74458,5.0
134,79132,4.5
134,88125,4.0
134,89745,5.0
134,91529,1.0
134,99114,4.5
136,4306,5.0
136,4896,4.5
136,4993,4.0
136,5349,4.0
136,5378,4.0
136,5952,4.5
136,6377,4.5
136,6539,5.0
136,7153,4.0
136,8961,4.0
136,58559,4.0
138,924,5.0
138,4306,0.5
138,4886,0.5
138,4995,4.5
138,5349,0.5
138,5995,4.0
138,6333,0.5
138,6377,1.0
138,8360,0.5
138,8636,0.5
138,8961,0.5
138,33794,4.0
138,48516,4.5
138,48780,5.0
138,58559,4.0
138,68157,4.5
138,79132,5.0
138,91529,5.0
138,99114,4.0
138,109374,1.0
138,109487,5.0
138,116797,4.0
139,4995,4.0
139,5377,4.0
139,5445,4.5
139,5502,4.0
139,5989,4.0
140,4306,4.5
140,4896,4.0
140,4963,4.5
140,5349,4.0
140,5618,1.5
140,5989,4.0
140,6539,4.0
140,8368,4.5
143,4308,4.5
143,4848,0.5
143,4973,4.5
143,4979,5.0
143,5445,0.5
143,5669,4.5
143,6711,4.5
143,6874,5.0
143,7147,5.0
143,7438,5.0
143,8784,4.5
143,32587,5.0
143,33166,4.5
143,44191,5.0
146,4306,4.5
146,4963,4.0
146,6377,4.5
146,8961,4.5
146,44191,4.0
146,48516,4.0
146,58559,5.0
146,60069,4.0
147,4306,4.5
147,6016,5.0
147,35836,1.5
147,40819,5.0
147,46578,5.0
147,56367,5.0
147,58559,4.0
148,924,5.0
148,4306,5.0
148,4848,2.0
148,4878,4.0
148,4886,5.0
148,4896,4.0
148,4993,5.0
148,5816,5.0
148,5952,4.5
148,5995,5.0
148,6365,4.5
148,6502,4.5
149,4246,4.0
149,4308,4.0
149,4816,4.0
149,4878,4.0
149,5481,1.0
149,5618,4.0
149,5989,4.0
149,6711,4.0
149,6942,4.5
149,8644,1.5
149,27773,2.0
149,32587,4.0
149,35836,1.5
149,40815,4.0
149,56367,4.0
149,58559,4.0
149,78499,4.0
149,79132,5.0
149,80463,4.0
149,81834,4.0
149,88125,4.0
149,89745,2.0
149,91529,4.0
149,99114,1.5
149,109374,4.0
149,109487,4.0
149,112852,2.0
149,116797,5.0
150,4816,4.0
150,4878,4.0
150,4896,1.5
150,4963,4.0
150,4993,4.5
150,5418,4.5
150,5445,0.5
150,5502,2.0
150,5816,1.5
150,5952,4.5
150,6365,4.5
150,6378,4.5
150,6502,4.0
150,6539,4.0
150,6711,4.5
150,7153,4.5
150,7254,4.0
150,8368,2.0
150,8376,4.0
150,8622,4.5
150,8665,4.5
150,33493,4.0
150,48516,5.0
150,49530,4.5
150,54286,4.0
150,74458,4.0
150,79132,5.0
152,924,4.0
152,4239,2.0
152,4878,4.5
152,4896,4.0
152,4973,4.5
152,4993,4.0
152,5349,2.0
152,5418,4.0
152,5445,4.0
152,5816,4.0
152,5952,4.0
152,6333,4.0
152,6365,4.5
152,6711,4.0
152,6934,4.5
152,7147,4.0
152,7153,4.0
152,7361,4.0
152,8368,4.0
152,8665,4.0
152,32587,4.0
152,33493,4.0
152,33794,4.0
152,34405,4.0
152,40815,4.0
152,44191,2.0
152,44555,4.5
152,46578,4.0
152,49272,4.0
152,49530,4.5
152,54286,4.0
152,55820,4.0
152,56367,4.0
152,58559,4.5
152,59315,4.0
152,60069,4.0
152,63082,4.0
152,68954,4.5
152,72998,4.5
152,79132,4.5
152,81834,4.0
152,88125,4.0
153,4886,5.0
153,4973,5.0
153,5952,5.0
154,671,4.0
155,924,4.0
156,4239,4.5
156,4816,4.5
156,48516,5.0
156,56367,4.0
156,70286,4.0
156,74458,4.5
157,4878,4.5
157,4963,4.0
157,4973,4.0
157,5618,4.5
157,6016,4.0
157,6378,4.0
157,6502,4.5
157,7254,4.0
157,7361,4.0
157,27773,4.5
157,32587,4.0
157,33794,4.0
157,48394,4.0
157,48516,4.0
157,48780,4.5
157,55820,4.0
157,56367,4.0
157,57669,4.5
157,58559,4.5
157,64614,4.5
157,68157,4.0
157,68358,4.0
157,68954,4.0
157,70286,4.5
157,79132,4.5
157,80463,4.5
157,91529,4.0
158,58559,4.0
158,60069,1.5
159,4308,2.0
159,4878,4.0
159,4973,4.5
159,4993,4.5
159,5299,4.0
159,5952,4.5
159,6874,4.0
159,6942,4.0
159,7153,4.5
159,46578,4.0
163,4963,4.0
163,60069,4.0
164,4306,4.0
164,4878,5.0
164,4973,4.0
164,5418,4.0
164,8784,5.0
164,33166,4.0
165,4306,4.0
165,4370,1.0
165,5349,4.0
165,5378,0.5
165,5418,2.0
165,5502,4.5
165,5669,4.5
165,5902,0.5
165,6365,2.0
165,6378,1.5
165,6874,5.0
165,6942,4.0
165,7361,4.0
165,7438,4.0
165,8360,4.0
165,8636,4.0
165,8784,4.0
165,8874,4.0
165,27773,4.0
165,30749,1.0
165,32587,4.0
166,4886,4.5
166,5349,4.0
166,5445,4.5
166,5669,5.0
166,5952,4.5
166,5989,4.5
166,6333,4.0
166,6539,4.5
168,924,5.0
169,4306,5.0
169,4886,5.0
169,4963,5.0
169,4993,5.0
169,5418,5.0
169,5952,5.0
169,5989,4.5
169,6333,5.0
169,6377,4.5
169,6378,5.0
169,6539,5.0
169,7153,5.0
169,8360,5.0
169,8636,4.0
169,8644,4.5
169,8665,5.0
169,8961,4.5
169,32587,4.0
169,33166,5.0
169,33794,5.0
169,34405,5.0
169,40819,5.0
169,44191,5.0
169,48516,4.5
169,48774,5.0
169,48780,5.0
169,49530,5.0
169,50872,5.0
169,54286,4.0
169,58559,5.0
175,4246,2.0
175,4306,4.0
175,4308,5.0
175,4896,4.0
175,4963,4.0
175,4993,5.0
175,5299,4.0
175,5349,4.0
175,5378,2.0
175,5679,2.0
175,5816,4.0
175,5952,5.0
175,5989,4.0
176,4308,4.0
176,4816,0.5
176,4963,4.0
176,4993,4.5
176,5378,4.0
176,5618,4.0
176,5952,5.0
176,6016,4.0
176,6539,4.0
176,7147,4.0
176,7153,5.0
176,60069,4.5
176,63082,4.0
176,68157,4.0
176,74458,4.0
176,79132,4.0
176,81845,5.0
176,99114,4.0
178,4979,5.0
178,5669,2.0
178,48394,5.0
179,4896,5.0
179,5816,5.0
179,6377,4.0
179,6539,5.0
179,8368,5.0
179,8644,0.5
179,45722,5.0
179,46578,4.5
179,49272,2.0
179,69757,4.0
179,78499,5.0
179,80463,4.0
179,91529,2.0
181,5418,4.5
181,5445,4.0
181,6874,5.0
181,7153,5.0
181,7438,5.0
183,924,4.0
185,4306,4.0
185,4886,5.0
185,4896,5.0
185,4993,5.0
186,924,5.0
186,4306,4.0
186,4993,5.0
186,5618,4.5
186,5952,4.5
186,6365,4.5
186,6539,2.0
186,6934,4.5
186,7153,4.5
186,72998,5.0
186,79132,5.0
187,4878,5.0
187,4963,4.0
187,4993,1.0
187,4995,4.5
187,5669,5.0
187,5952,1.0
187,5989,4.0
187,6365,0.5
187,6377,4.0
187,6934,0.5
187,6942,4.5
187,7153,1.0
187,7254,4.5
187,7361,5.0
187,8622,4.0
187,8784,5.0
187,8874,4.0
187,30707,4.0
187,32587,4.0
187,35836,5.0
187,44191,5.0
187,46578,5.0
187,48516,4.5
187,56367,4.0
187,58559,4.0
187,59315,4.0
195,924,5.0
197,924,4.0
198,4306,4.0
198,4886,4.5
198,4973,4.5
198,5669,4.5
198,5902,5.0
198,5952,2.0
198,5995,2.0
199,4963,4.0
199,4993,4.0
199,4995,4.0
199,5349,1.5
199,5378,4.5
199,5418,4.0
199,5502,4.0
199,6365,4.0
199,6934,4.0
199,7254,4.0
199,8636,1.5
199,8665,4.0
199,8874,4.0
199,27773,4.0
199,32587,4.0
199,33493,5.0
199,33794,4.0
199,44191,4.5
199,45722,4.0
199,48516,4.0
199,48780,4.0
199,49272,4.5
199,51255,4.0
199,54286,4.0
199,55820,4.0
199,57669,4.0
199,58559,4.5
199,60069,1.5
199,68157,4.0
199,68358,4.0
199,70286,4.5
199,73017,4.0
199,74458,4.0
199,79132,4.0
199,80463,4.0
199,81845,4.0
199,89745,4.0
199,91529,4.5
199,99114,4.0
200,4306,4.5
200,4886,4.0
200,4963,4.5
200,4995,4.5
200,5010,4.0
200,5218,4.5
200,5349,4.0
200,5418,4.5
200,5445,4.5
200,5679,1.5
200,5989,4.0
200,6365,2.0
200,6377,4.5
200,6378,4.0
200,6539,4.5
200,6934,1.0
200,8360,4.0
200,8622,1.5
200,8665,4.5
200,8874,4.5
200,46578,4.0
200,48516,1.5
200,48780,4.5
200,49530,4.5
200,50872,4.5
200,54286,4.5
200,56367,4.0
200,60069,4.5
200,68157,4.5
200,68954,4.0
200,73017,4.5
201,4306,5.0
201,4878,4.0
201,4886,5.0
201,4993,5.0
201,5349,4.0
201,5418,4.0
201,5679,5.0
201,5952,5.0
201,5989,4.0
201,6333,4.0
201,6377,5.0
201,6539,4.0
201,7147,5.0
201,7153,5.0
201,7361,5.0
201,8360,5.0
201,8368,5.0
201,8636,4.0
201,8644,4.0
201,8665,4.0
201,8784,5.0
201,8874,4.0
201,8949,4.0
201,8961,5.0
203,4848,4.5
203,6016,4.0
203,32587,4.5
203,58559,5.0
205,4993,4.0
205,5618,5.0
205,6539,5.0
205,8961,4.0
205,33493,4.5
205,33794,4.5
205,35836,2.0
205,40815,4.5
205,44191,5.0
205,45722,5.0
205,48780,4.5
205,49530,4.5
205,50872,5.0
205,51662,4.0
205,59315,4.0
205,68954,4.0
205,79132,2.0
205,81834,4.0
205,88125,4.0
205,89745,4.0
205,112852,4.0
205,116797,5.0
207,35836,4.0
207,69757,0.5
208,7361,4.0
208,48516,4.0
208,69757,4.0
208,80463,4.5
210,6365,4.5
212,4239,4.0
212,4246,4.0
212,4306,4.0
212,4308,4.5
212,4370,4.0
212,4816,2.0
212,4878,5.0
212,4886,4.0
212,4963,4.0
212,4979,4.0
212,4993,5.0
212,4995,4.5
212,5010,4.0
212,5218,4.0
212,5349,4.0
212,5377,4.0
212,5418,4.5
212,5445,4.0
212,5669,1.0
212,5952,5.0
212,5995,4.0
212,6539,5.0
212,7147,5.0
212,7153,5.0
212,8376,2.0
212,8644,4.0
212,8665,4.0
212,8784,4.5
212,30749,4.0
212,33166,4.5
212,33794,4.5
212,34405,4.0
212,40819,4.0
212,46578,4.0
212,48394,5.0
212,48774,2.0
212,48780,4.0
212,49272,4.0
212,49530,4.0
212,51255,4.0
212,56367,4.5
212,57669,4.0
212,58559,4.5
212,59315,4.0
212,60069,4.0
212,68157,4.0
212,68358,4.5
212,70286,4.0
212,72998,4.0
212,79132,5.0
213,4896,4.0
213,4993,4.5
213,4995,1.0
213,5299,2.0
213,5418,4.0
213,5679,1.5
213,5816,4.0
213,5952,4.0
213,6333,4.0
213,6378,4.0
213,6934,2.0
213,6942,2.0
213,7153,5.0
213,8636,4.0
213,8644,5.0
213,8961,4.0
213,48774,2.0
213,48780,2.0
213,50872,4.0
213,51255,2.0
213,57669,1.5
213,59315,5.0
213,60069,2.0
213,68358,5.0
213,72998,5.0
213,73017,4.0
213,89745,5.0
213,109487,2.0
213,112852,5.0
214,924,5.0
215,924,5.0
216,4246,4.0
216,4878,5.0
216,4886,4.5
216,4993,5.0
216,5377,4.5
216,5445,4.0
216,5669,5.0
216,5952,5.0
216,6377,5.0
216,6942,4.0
216,7147,5.0
216,7153,5.0
216,7361,5.0
216,7438,4.5
216,8622,5.0
216,8636,4.0
216,8784,5.0
217,4306,5.0
217,4963,4.0
217,5349,4.0
217,5378,4.5
217,6333,4.5
217,8360,5.0
218,4973,4.0
218,5618,5.0
219,4886,4.5
219,4993,0.5
219,5952,0.5
219,7153,0.5
219,8376,0.5
219,8784,5.0
219,33794,5.0
220,924,4.0
220,4239,4.0
220,4246,4.0
220,4306,4.0
220,4973,5.0
224,671,4.0
226,4973,0.5
226,4995,4.0
226,6942,4.5
226,58559,4.0
228,4993,4.0
228,5378,0.5
228,5445,5.0
228,5952,4.0
228,6365,1.0
228,7153,4.0
228,8961,4.0
228,33794,4.0
228,51255,5.0
228,54286,5.0
228,58559,4.0
228,112852,5.0
228,116797,4.0
229,63082,4.5
230,4848,4.0
230,4878,5.0
230,4979,5.0
230,5902,4.5
230,6016,5.0
230,6711,4.0
230,7361,5.0
230,8874,5.0
230,33166,4.0
230,46578,4.5
230,69757,4.0
230,70286,4.0
230,72998,2.0
230,79132,5.0
230,80463,4.5
230,109374,5.0
232,924,1.0
234,4878,5.0
234,4963,4.0
234,4993,4.5
234,4995,5.0
234,5378,4.5
234,5445,4.5
234,5952,4.0
234,5989,5.0
234,7147,4.5
234,7153,4.0
234,33794,4.0
234,46578,4.0
234,48394,5.0
234,48516,4.5
234,55820,5.0
234,56367,4.0
235,4239,4.0
235,4246,5.0
235,4306,4.5
235,4308,4.5
235,4963,4.5
235,4973,4.5
235,4979,4.0
235,4995,5.0
235,5349,4.5
235,5377,5.0
235,5418,4.5
235,5445,5.0
235,5679,4.5
235,5989,4.0
235,6942,4.5
235,8360,4.5
235,8368,4.5
235,8636,4.5
235,8784,5.0
236,924,5.0
236,4848,4.5
236,5989,4.5
236,5995,4.5
236,6711,4.5
237,5952,5.0
238,4246,2.0
238,4973,4.0
238,5445,5.0
238,7254,4.0
238,50872,4.0
238,63082,4.0
238,69757,4.0
238,74458,5.0
238,79132,2.0
238,99114,4.5
238,116797,4.0
240,924,4.5
240,4246,4.0
240,4848,4.0
240,4878,4.5
240,4886,4.5
240,4963,4.0
240,4973,4.5
240,4979,4.0
240,5418,4.0
240,5445,4.5
240,5618,4.5
240,5679,4.0
240,5902,4.0
240,5952,4.0
240,5989,4.0
240,5991,4.5
240,6377,4.0
240,6378,4.0
240,6539,4.5
240,7153,4.0
240,8360,4.0
240,8368,4.5
240,8622,5.0
240,8636,4.5
240,8665,4.5
240,8784,4.0
242,924,5.0
243,4308,5.0
243,4973,5.0
243,4993,5.0
243,5378,5.0
243,5618,4.0
243,5669,4.0
243,5952,4.0
243,6333,4.0
243,6377,4.0
243,6539,4.0
243,6711,4.0
243,7147,4.0
243,7153,5.0
243,7438,5.0
243,8368,4.0
243,8622,4.0
243,33493,5.0
244,4886,4.0
244,4993,4.5
244,5952,4.5
244,7153,4.5
244,35836,5.0
244,44555,0.5
244,58559,5.0
244,79132,1.0
245,4239,4.0
245,4306,5.0
245,4308,5.0
245,4963,5.0
245,4993,4.0
245,4995,4.0
247,671,2.0
248,924,5.0
248,4993,5.0
248,5010,5.0
250,4306,5.0
250,4886,4.5
250,4896,4.0
250,4973,5.0
250,4995,5.0
250,5010,4.5
250,5218,5.0
250,5989,5.0
250,5995,5.0
250,6016,4.0
250,6333,4.0
250,6539,4.0
250,7147,4.0
250,7254,5.0
250,30707,4.5
250,35836,4.0
250,46578,4.5
250,48516,5.0
250,48780,5.0
250,50872,4.0
250,55820,4.5
250,56367,4.0
250,57669,4.5
250,58559,5.0
250,59315,4.5
250,60069,5.0
250,68157,5.0
250,68358,4.0
250,72998,5.0
250,73017,4.0
250,74458,4.5
250,79132,5.0
250,81845,5.0
250,88125,4.5
250,89745,4.0
250,91529,5.0
250,99114,5.0
250,109487,5.0
250,116797,4.0
251,4306,5.0
251,4886,4.5
251,4973,4.0
251,4993,4.0
251,4995,5.0
251,5218,5.0
251,5618,5.0
251,5952,4.0
251,6377,4.5
251,6539,5.0
251,7147,5.0
251,7153,4.5
251,7254,5.0
251,7361,5.0
251,8360,4.5
251,8368,4.0
251,8644,5.0
251,40815,4.5
251,40819,4.0
251,45722,4.5
251,51662,4.0
251,59315,5.0
251,68358,4.5
251,68954,4.5
251,81845,5.0
251,89745,5.0
251,109487,4.0
251,112852,4.0
253,4246,1.5
253,4306,4.0
253,4308,4.0
253,4963,4.0
253,4973,4.0
253,4979,2.0
253,4993,5.0
253,4995,4.5
253,5218,4.0
253,5349,4.5
253,5481,2.0
253,5952,4.5
253,5991,4.5
253,6333,4.0
253,6539,4.5
253,6711,1.0
253,6863,2.0
253,7153,4.5
253,8636,4.0
253,8784,1.5
253,8961,4.0
253,48394,2.0
254,924,4.0
255,4246,4.0
255,4973,5.0
255,4993,5.0
255,5377,4.0
255,5902,5.0
255,5952,5.0
255,6016,4.5
255,6539,4.5
255,6711,4.5
255,7147,5.0
255,7153,5.0
255,7361,5.0
255,8376,5.0
255,32587,5.0
255,44555,5.0
255,45722,4.5
255,49272,5.0
255,58559,4.5
257,4878,5.0
257,4993,4.5
257,32587,1.0
257,49272,4.0
257,81845,2.0
260,5378,5.0
260,6539,5.0
260,6711,2.0
260,33493,5.0
260,44191,5.0
261,5445,5.0
261,6365,4.0
261,7254,4.5
261,8644,4.5
262,4239,2.0
262,4308,2.0
262,4370,2.0
262,4878,5.0
262,4896,2.0
262,4963,1.5
262,4979,4.0
262,5218,2.0
262,5349,1.5
262,5481,1.5
262,5816,2.0
262,6016,2.0
262,6711,4.0
262,6863,2.0
262,6942,2.0
262,8368,1.5
262,8784,2.0
262,8874,5.0
262,27773,4.0
262,46578,5.0
262,60069,2.0
262,68954,4.0
262,69757,1.5
263,6539,4.0
263,6874,1.5
263,8784,1.0
267,4878,4.0
267,7361,4.5
267,8784,5.0
267,30749,4.0
267,46578,4.5
267,48516,4.5
267,49272,4.0
268,924,4.5
268,4306,4.5
268,4878,4.5
268,4886,4.5
268,4896,2.0
268,4963,4.0
268,4993,5.0
268,4995,4.0
268,5349,4.0
268,5377,2.0
268,5418,4.5
268,5445,4.0
268,5902,4.0
268,5952,4.5
268,6333,5.0
268,6377,4.5
268,6502,4.0
268,6539,5.0
268,6711,2.0
268,6874,4.0
268,7147,4.5
268,7153,4.5
268,7361,4.5
268,7438,5.0
268,8360,4.0
268,8636,4.5
268,8961,4.5
268,33493,4.0
268,33794,4.0
268,35836,5.0
268,45722,2.0
268,48516,5.0
268,49272,5.0
268,51662,4.5
268,54286,4.5
268,55820,5.0
268,56367,4.5
268,58559,5.0
268,59315,4.5
268,68157,4.5
268,68358,4.5
268,68954,2.0
268,69757,4.5
268,72998,4.5
268,78499,4.5
268,79132,4.5
268,80463,4.5
268,81845,4.0
268,88125,5.0
270,4878,4.0
270,4973,4.0
270,4979,4.0
270,4993,5.0
270,4995,4.5
270,5952,5.0
270,5991,4.0
270,6377,4.0
270,6874,5.0
270,7153,5.0
270,7361,4.5
270,7438,4.0
270,8874,5.0
270,32587,4.5
270,33794,4.0
270,34405,5.0
270,44191,4.5
270,46578,4.0
270,48516,4.0
270,48774,4.5
270,48780,5.0
270,51255,5.0
270,51662,4.5
270,56367,4.0
270,57669,4.0
270,58559,4.5
270,59315,4.0
270,60069,4.0
270,68157,4.5
270,70286,5.0
270,79132,5.0
270,91529,4.0
270,99114,4.0
270,109374,4.0
270,112852,4.0
271,4306,4.0
271,4993,4.0
271,5952,4.5
271,6333,4.5
271,7153,5.0
271,8360,4.5
271,8636,5.0
271,8961,4.5
272,4993,5.0
272,6333,4.0
272,33794,4.0
272,88125,4.0
272,89745,4.0
272,112852,4.0
273,4306,4.5
273,4878,5.0
273,4886,5.0
273,4896,4.5
273,4993,5.0
273,5349,4.0
273,5378,4.0
273,5816,4.5
273,5952,5.0
273,6333,4.5
273,6365,4.5
273,6377,4.0
273,6539,4.5
273,6874,4.0
273,6934,4.5
273,7153,5.0
273,8360,4.0
273,8368,5.0
273,8874,5.0
273,8961,4.5
273,33493,4.0
273,33794,4.0
273,40815,4.5
273,44191,5.0
273,51255,4.5
273,58559,5.0
273,59315,4.0
273,68157,4.0
273,68358,4.0
273,73017,4.0
273,78499,4.5
273,79132,4.5
273,80463,4.0
273,81834,4.5
273,88125,4.5
273,91529,4.0
273,109374,4.5
273,112852,4.0
275,4239,4.5
275,4896,4.5
275,4963,4.5
275,4979,5.0
275,4995,4.5
275,5816,5.0
275,5989,4.5
275,6016,5.0
275,6378,4.0
275,6539,5.0
275,6711,5.0
275,7147,5.0
275,8368,4.5
275,8784,5.0
275,8949,5.0
275,8961,4.0
275,33794,5.0
275,40815,5.0
275,40819,5.0
275,46578,4.0
275,48516,5.0
275,49272,5.0
275,49530,4.5
275,50872,5.0
275,56367,4.0
275,58559,5.0
275,59315,4.0
275,63082,4.5
275,64614,4.0
275,68358,4.5
275,68954,5.0
275,69757,4.5
275,78499,5.0
275,79132,4.0
275,80463,5.0
275,81834,4.5
275,81845,4.5
275,88125,5.0
275,89745,4.5
275,99114,4.5
277,5618,5.0
277,6365,5.0
277,8644,4.0
277,50872,4.0
277,109487,5.0
281,5995,4.0
282,4306,5.0
282,4308,0.5
282,4993,5.0
282,4995,4.0
282,5418,4.5
282,5952,5.0
282,5989,5.0
282,6539,4.5
282,7153,5.0
282,8360,4.5
282,8665,4.5
283,4306,4.0
283,4848,1.5
283,4886,4.5
283,4973,5.0
283,4995,4.0
283,5618,4.0
283,5669,4.5
283,5902,4.0
283,5995,5.0
283,6016,5.0
283,6377,4.0
283,6711,4.0
283,6874,4.5
283,7254,1.0
283,7361,5.0
283,7438,4.5
283,8622,4.0
283,8949,4.5
283,8961,4.5
283,27773,1.0
283,30749,5.0
283,33166,4.5
283,33493,1.5
283,44191,4.5
283,46578,4.5
287,924,0.5
287,4886,5.0
287,4993,5.0
287,5349,5.0
287,5378,4.0
287,5418,5.0
287,5445,5.0
287,5952,5.0
287,6377,4.0
287,7153,5.0
287,8636,4.5
287,8644,5.0
287,8665,5.0
287,8961,5.0
287,33493,4.5
287,33794,5.0
287,48780,5.0
287,50872,4.0
287,54286,5.0
287,58559,5.0
287,59315,5.0
287,60069,4.0
287,68358,4.5
287,68954,4.0
287,72998,5.0
287,73017,5.0
287,78499,5.0
287,79132,5.0
287,80463,4.5
287,89745,5.0
287,91529,5.0
287,112852,5.0
289,69757,4.5
290,4896,2.0
290,4973,4.0
290,5418,5.0
290,5445,4.0
290,5481,4.0
290,6539,2.0
290,7254,5.0
290,8622,5.0
290,48394,4.0
290,60069,4.5
290,68157,4.5
290,79132,4.5
290,109374,4.0
290,109487,5.0
291,4306,4.5
291,4878,5.0
291,5349,4.5
291,8636,5.0
292,4306,4.5
292,4308,4.5
292,4886,4.5
292,4963,4.5
292,4993,4.0
292,4995,4.0
292,5299,4.0
292,5377,4.0
292,5679,4.0
292,5816,2.0
292,5991,4.5
292,6333,4.0
292,6377,4.5
292,6378,4.0
292,6502,4.5
292,6874,4.5
292,6934,4.0
292,7147,4.5
292,7438,4.5
292,8784,4.5
292,8961,4.5
292,32587,4.5
292,33493,4.0
293,924,4.0
293,4306,4.0
293,4896,4.0
293,4993,4.0
293,4995,4.0
293,5218,4.0
293,5952,4.0
293,6539,5.0
294,4246,4.0
294,4306,5.0
294,4308,5.0
294,4816,4.0
294,4886,4.5
294,4896,4.0
294,4963,4.0
294,4993,4.0
294,5299,4.5
294,5349,4.0
294,5418,4.0
294,5481,4.0
294,5618,4.5
294,5816,4.0
294,5952,4.0
294,5989,4.5
294,5991,4.5
294,6333,4.5
294,6365,4.0
294,6377,4.0
294,6378,4.5
294,6539,4.5
294,6942,4.0
294,7153,4.0
294,7361,4.0
294,8360,4.5
294,8368,4.5
294,8665,4.0
294,8961,4.5
294,32587,4.0
294,33493,4.0
294,33794,4.0
294,40815,4.5
294,40819,4.5
295,924,4.0
295,4306,4.5
295,4886,4.5
295,4896,4.5
295,4963,4.5
295,4979,1.0
295,4993,5.0
295,4995,4.5
295,5010,4.0
295,5218,4.0
295,5299,4.0
295,5349,5.0
295,5418,4.5
295,5445,4.5
295,5816,4.0
295,5952,5.0
295,5989,5.0
295,6333,4.5
295,6377,5.0
295,6378,4.0
295,6539,4.5
295,6874,4.0
295,7147,4.0
295,7153,4.5
295,7438,4.0
295,8360,4.0
295,8368,4.0
295,8622,4.5
295,8636,5.0
295,8961,4.5
296,4306,5.0
296,6539,4.5
296,79132,5.0
297,4973,4.5
297,5618,4.5
297,6711,4.5
297,8949,4.0
297,35836,4.0
297,44555,4.0
297,55820,2.0
297,58559,4.0
297,68157,4.5
297,79132,4.0
298,4886,5.0
298,5618,5.0
298,6539,5.0
298,7361,5.0
298,34405,5.0
298,58559,4.0
298,60069,5.0
298,73017,5.0
298,74458,5.0
298,79132,5.0
298,109374,5.0
298,109487,5.0
299,4848,5.0
299,5902,4.0
299,5995,5.0
299,6711,5.0
299,6874,4.0
299,7361,4.5
299,7438,4.0
299,32587,4.0
299,48394,4.0
299,48516,4.5
299,55820,4.5
299,68157,4.5
300,5445,4.5
303,4896,4.0
303,4995,4.0
303,5618,4.5
303,5669,4.0
303,5816,4.0
303,5902,4.0
303,5991,4.0
303,6874,2.0
303,8368,4.0
303,8622,4.0
303,30707,4.5
303,40815,4.0
303,56367,4.0
303,63082,4.0
303,64614,4.0
303,68954,4.0
303,79132,4.0
303,81845,4.0
304,924,5.0
304,4239,5.0
304,4306,0.5
304,4878,5.0
304,4979,4.5
304,5669,4.0
304,5995,1.5
304,6934,2.0
304,8376,1.5
304,27773,4.5
304,44555,4.5
304,55820,5.0
304,70286,5.0
304,79132,4.0
306,924,4.0
307,4973,5.0
307,5995,5.0
307,6016,5.0
307,7361,5.0
307,8784,4.5
307,8949,4.0
307,30749,4.0
307,32587,4.5
307,33794,4.0
307,48394,4.0
307,48516,4.5
307,48774,4.5
307,48780,4.0
307,49272,4.0
307,49530,4.0
307,51255,4.0
307,54286,4.0
307,55820,4.5
307,56367,5.0
309,4973,4.5
309,4993,5.0
309,5377,5.0
309,5952,5.0
309,6377,5.0
309,6539,4.0
309,6874,4.5
309,7147,4.0
309,7153,5.0
309,7361,4.5
309,7438,4.5
309,8368,4.0
309,8665,4.5
309,8874,4.0
309,8961,4.0
309,32587,4.0
311,4963,5.0
311,4995,4.0
311,5218,4.5
311,5299,4.5
311,5349,4.0
311,5418,5.0
311,6378,4.5
311,6539,4.0
311,8622,4.0
311,8636,4.5
311,8644,4.0
311,8665,5.0
311,40819,4.5
313,4246,4.5
313,4306,4.0
313,4308,5.0
313,4370,0.5
313,4816,4.0
313,4848,1.0
313,4886,4.5
313,4963,4.0
313,4979,0.5
313,4993,4.5
313,4995,4.5
313,5218,5.0
313,5349,4.5
313,5418,4.5
313,5669,4.5
313,5679,5.0
313,5952,4.5
313,5989,4.5
313,5995,5.0
313,6377,4.5
313,6378,4.0
313,6539,4.5
313,6711,4.0
313,7153,5.0
313,8360,4.5
313,8622,4.5
313,8644,4.0
313,8665,4.0
313,8961,4.5
313,30707,4.0
314,58559,5.0
314,79132,4.5
314,109487,5.0
314,112852,4.5
314,116797,4.0
315,5902,5.0
316,4896,4.0
316,4963,4.0
316,4993,4.0
316,5010,1.5
316,5378,4.0
316,5418,5.0
316,5816,4.0
316,5952,4.0
316,6539,4.0
316,6874,4.0
316,6934,4.0
316,7153,4.0
316,7438,4.0
316,8368,4.0
316,8665,4.0
316,8874,5.0
316,8961,4.0
316,33493,4.0
316,34405,4.0
316,40815,4.0
316,44191,4.0
316,45722,4.0
316,49272,4.0
316,51255,4.0
316,51662,4.0
316,54286,4.5
316,59315,4.0
316,68157,4.0
316,68358,4.0
316,68954,4.0
316,73017,4.0
316,81834,4.0
316,88125,4.5
316,89745,4.5
316,109374,4.5
316,112852,4.0
320,5445,4.0
320,5995,4.0
320,6874,4.0
320,6942,4.0
320,7438,4.0
320,30707,4.0
320,30749,4.0
320,44191,4.0
320,44555,4.5
320,63082,4.0
320,64614,4.0
320,68358,4.0
320,81845,4.0
320,109487,4.0
320,116797,4.5
322,924,5.0
323,4973,5.0
323,4995,4.5
323,6539,4.5
324,4306,4.0
324,4896,4.0
324,6539,4.0
324,6863,4.0
324,7361,4.0
324,7438,1.5
324,8376,4.0
324,8961,4.0
324,45722,4.0
324,116797,4.0
327,4878,5.0
327,6502,5.0
327,6874,5.0
327,6934,4.5
327,8360,4.0
328,4306,4.0
328,4886,4.0
328,5618,4.5
328,8360,4.0
328,8368,4.0
328,8874,2.0
328,34405,4.5
328,40815,4.0
330,924,1.0
331,4963,4.5
331,5618,4.0
331,5991,5.0
331,80463,5.0
332,5378,0.5
332,5418,1.5
332,6333,1.5
332,6377,1.5
332,6874,5.0
332,7153,0.5
332,7438,5.0
332,32587,5.0
333,4306,4.5
333,4886,4.5
333,4995,5.0
333,5218,5.0
333,5418,4.5
333,5989,4.5
333,6377,4.0
333,6539,4.5
333,8360,4.0
333,8665,4.5
333,30707,4.5
333,54286,4.5
333,63082,4.0
333,72998,4.5
333,78499,4.0
333,79132,5.0
333,81845,4.0
333,109487,4.5
333,116797,5.0
334,6016,5.0
334,60069,4.0
334,79132,4.0
334,81834,2.0
334,99114,5.0
334,116797,4.0
335,63082,4.0
339,5952,4.0
339,5995,5.0
339,6378,4.5
339,6539,4.0
339,6874,2.0
339,7153,4.0
339,7438,2.0
339,8644,4.5
339,30707,5.0
339,70286,4.0
339,73017,4.0
339,74458,5.0
339,79132,5.0
339,109487,4.0
340,4993,5.0
340,5952,5.0
340,5989,5.0
342,924,5.0
345,4306,4.0
345,4878,5.0
345,4886,4.5
345,4979,4.5
345,4993,4.0
345,5349,4.5
345,5618,5.0
345,5952,4.5
345,6016,4.5
345,6377,4.5
345,6711,5.0
345,6874,5.0
345,7153,4.5
345,7361,5.0
345,7438,4.5
345,8784,4.0
345,8949,4.5
345,8961,5.0
345,30707,4.5
345,30749,4.5
346,671,5.0
346,924,1.0
346,4306,4.0
346,4896,5.0
346,4963,4.0
346,4993,4.0
346,4995,1.5
346,5349,5.0
346,5378,1.0
346,5445,1.0
346,5816,4.5
346,5902,2.0
346,5952,1.0
346,6333,4.5
346,6539,4.0
346,7153,1.0
346,7361,4.0
346,8368,4.0
346,8636,4.5
346,8874,5.0
346,8961,4.0
346,33493,1.5
346,33794,1.0
346,40815,4.0
346,44191,4.0
346,45722,4.5
347,4993,5.0
347,5952,4.5
347,7153,4.5
347,33493,4.5
350,4239,4.0
350,4246,4.0
350,4306,4.0
350,4308,1.0
350,4816,4.0
350,4886,4.0
350,4963,5.0
350,4973,4.0
350,4979,5.0
350,4993,5.0
350,5010,4.0
350,5299,5.0
350,5378,4.0
350,5502,4.0
352,4306,4.0
352,5618,5.0
352,6377,4.0
352,34405,4.0
352,58559,4.5
352,59315,4.0
352,64614,4.0
352,68157,4.0
352,79132,4.0
352,91529,4.0
352,112852,4.5
353,4370,1.5
353,4878,4.0
353,4993,2.0
353,5445,2.0
353,6365,2.0
353,34405,4.0
353,44191,4.0
353,48516,4.0
353,49272,4.0
353,49530,4.0
353,51662,4.5
353,54286,4.0
353,58559,4.0
353,59315,4.5
355,924,5.0
355,4306,4.0
355,4878,4.0
355,4886,4.0
355,4973,4.5
355,4993,4.5
355,5378,4.0
355,5418,4.0
355,5618,4.5
355,5669,4.0
355,5952,5.0
355,5989,4.0
355,6016,1.0
355,6333,4.0
355,6377,4.0
355,6539,4.0
355,6711,4.5
355,6874,2.0
355,7147,4.0
355,7153,5.0
355,7361,4.5
355,7438,1.0
355,8360,4.5
355,8874,4.0
355,8961,4.5
355,32587,4.5
355,33493,4.0
355,46578,4.5
355,48516,5.0
355,49272,4.0
355,54286,4.0
355,55820,4.0
355,58559,5.0
355,59315,4.5
355,60069,4.0
356,44555,0.5
359,81845,4.5
360,924,4.0
361,671,4.0
362,4306,4.0
362,4370,2.0
362,4878,4.0
362,4963,4.0
362,4973,5.0
362,5377,4.0
362,5669,4.5
362,6377,4.5
362,6539,4.5
362,6711,5.0
362,6874,4.0
362,6942,4.5
362,7147,4.5
362,8961,4.5
362,33166,4.5
362,33794,4.0
362,44555,5.0
362,45722,4.0
362,58559,5.0
364,45722,4.5
364,46578,4.5
364,56367,4.0
364,68358,0.5
364,72998,0.5
364,78499,0.5
364,109374,5.0
365,4993,5.0
365,4995,5.0
365,5418,5.0
365,5481,4.0
365,5991,5.0
365,6333,5.0
365,6378,4.0
365,7153,4.5
365,8644,4.0
365,8665,5.0
365,8961,4.5
365,40819,4.5
365,46578,4.0
365,48780,5.0
365,50872,4.0
365,70286,2.0
365,72998,5.0
365,80463,4.0
366,4246,4.5
366,4886,4.0
366,4973,5.0
366,6377,4.0
366,8874,4.0
366,8961,5.0
366,46578,4.0
366,68358,5.0
367,4370,1.0
367,6539,4.0
367,7361,4.5
367,7438,2.0
367,8665,4.0
370,924,4.5
370,4993,5.0
370,5349,4.5
370,5952,5.0
370,7153,5.0
370,7438,5.0
370,8874,4.5
371,4306,4.0
371,4308,4.0
371,4370,0.5
371,4963,4.0
371,4973,4.5
371,4993,1.5
371,4995,4.5
371,5218,4.0
371,5952,2.0
371,5989,5.0
371,6874,0.5
371,7153,2.0
371,7254,4.0
371,7438,0.5
371,8360,4.0
371,30707,4.5
371,45722,4.0
371,48516,5.0
371,49530,4.0
371,51662,4.0
371,60069,4.0
371,63082,4.5
371,73017,4.0
371,74458,4.0
371,79132,4.0
371,81834,2.0
371,81845,4.5
371,109374,4.5
371,116797,5.0
374,5378,4.0
374,5481,2.0
376,4239,2.0
378,4306,0.5
378,4848,4.5
378,4878,4.5
378,4886,0.5
378,4963,0.5
378,4979,4.0
378,5218,0.5
378,5349,0.5
378,5418,0.5
378,5989,4.5
378,5995,4.0
378,6377,0.5
378,6539,0.5
378,6874,4.0
378,7438,4.0
378,8360,0.5
378,8665,0.5
378,8961,0.5
378,33794,0.5
378,46578,4.5
378,54286,0.5
378,58559,0.5
378,60069,0.5
378,63082,4.0
378,68157,4.5
378,79132,4.0
378,99114,4.5
378,109374,4.5
378,116797,4.5
379,4878,4.5
379,4993,4.0
379,5952,4.0
379,5995,4.5
379,6377,4.0
379,7153,4.0
379,7361,4.0
379,44555,4.5
379,46578,1.5
379,48394,4.0
379,48516,4.0
379,58559,4.0
380,924,5.0
380,4239,4.0
380,4306,5.0
380,4816,2.0
380,4878,4.0
380,4886,4.0
380,4963,4.0
380,4973,4.5
380,4993,4.5
380,4995,4.0
380,5010,5.0
380,5349,4.0
380,5445,4.0
380,5481,4.5
380,5669,4.0
380,5952,4.0
380,5995,4.0
380,6333,4.0
380,6365,4.0
380,6874,4.0
380,6934,4.0
380,7147,4.0
380,7254,4.0
380,7361,4.5
380,7438,4.0
380,8360,4.0
380,8376,4.0
380,8636,4.0
380,8665,4.0
380,8784,4.0
380,8961,5.0
380,30707,4.0
380,32587,4.5
380,33166,4.5
380,33493,4.5
380,34405,4.5
380,35836,4.0
380,44191,4.5
380,46578,4.0
380,48394,4.0
380,48516,4.0
380,48774,4.0
380,48780,4.5
380,49272,4.0
380,49530,4.0
380,51662,4.5
380,54286,4.0
380,55820,4.0
380,56367,5.0
380,57669,4.0
380,58559,5.0
380,59315,4.0
380,60069,4.0
380,63082,4.0
380,64614,4.0
380,68358,4.0
380,68954,4.5
380,69757,5.0
380,72998,4.0
380,73017,4.0
380,74458,4.0
380,78499,4.0
380,79132,5.0
380,80463,4.0
380,89745,4.0
380,91529,4.0
380,109487,4.0
381,4306,5.0
381,5218,5.0
382,4306,4.0
382,4816,1.0
382,4886,5.0
382,4896,4.0
382,4973,5.0
382,4993,4.0
382,5299,2.0
382,5502,2.0
382,5816,4.0
382,5952,4.0
382,5989,2.0
382,6377,4.5
382,6711,2.0
382,6863,4.0
382,7153,4.0
382,7254,0.5
382,7361,1.0
382,8368,4.0
382,8376,1.0
382,8961,5.0
382,40815,4.0
382,46578,5.0
382,50872,5.0
382,68954,4.0
382,78499,4.0
382,81834,4.0
382,81845,5.0
382,88125,4.0
384,4246,4.0
384,4308,5.0
384,4816,5.0
384,4848,4.0
384,4878,2.0
384,4963,4.0
384,4993,4.0
384,5010,4.0
384,5349,5.0
384,5378,4.0
384,5445,4.5
384,5952,4.5
384,6333,4.0
384,6365,4.0
384,6502,2.0
384,6539,4.5
384,6874,4.5
384,6934,4.0
384,7147,4.0
384,7153,4.5
384,7361,4.5
384,7438,4.0
384,8360,4.5
384,8636,4.5
384,30707,4.0
384,32587,5.0
384,33166,4.0
384,33493,4.5
384,33794,4.0
384,45722,4.0
384,46578,4.0
384,48516,4.0
384,48774,2.0
384,48780,4.5
384,49272,4.0
384,50872,4.0
384,51255,4.5
384,55820,4.0
384,56367,4.0
384,58559,4.0
384,59315,4.0
386,4878,4.0
387,924,4.0
388,671,4.0
388,924,5.0
388,4370,5.0
388,4848,4.0
388,4963,4.0
388,4979,4.0
388,4993,5.0
388,5010,5.0
388,5349,4.0
388,5418,4.0
388,5445,4.0
388,5669,4.0
388,5902,4.5
388,5952,4.5
388,5989,4.5
388,5995,5.0
388,6016,4.0
388,6333,4.0
388,6365,4.0
388,6539,4.0
388,6711,4.5
388,6863,4.0
388,6874,4.0
388,6934,4.0
388,7153,4.0
388,7361,4.0
388,7438,2.0
388,8622,4.0
388,8636,4.5
388,8665,4.0
388,8949,5.0
388,30707,4.0
388,30749,4.0
388,33493,4.0
388,33794,4.5
388,35836,4.5
388,44555,4.5
388,45722,4.0
388,46578,4.0
388,50872,4.5
388,55820,4.0
388,58559,4.0
392,4973,4.0
392,7361,4.0
392,8784,4.0
392,58559,4.5
393,5995,4.5
394,4306,5.0
394,4896,4.5
394,4963,5.0
394,4993,2.0
394,5378,4.0
394,5418,4.0
394,5445,4.5
394,5816,4.5
394,6365,4.5
394,6874,4.0
394,7147,2.0
394,7361,4.5
394,8360,4.0
394,8368,4.5
394,8665,4.0
394,44555,1.5
394,46578,5.0
394,48516,4.0
394,48780,4.0
394,54286,4.5
394,55820,2.0
394,79132,5.0
395,671,5.0
397,5218,4.0
397,5618,4.5
397,6377,4.0
397,8961,4.0
397,60069,4.5
397,68358,4.0
397,68954,4.0
397,70286,4.0
401,671,5.0
401,924,5.0
402,4963,4.0
402,4993,4.0
402,5218,1.5
402,5378,2.0
402,5816,4.0
402,5952,4.0
402,7153,4.0
402,8368,4.0
402,34405,4.5
402,40815,4.0
402,46578,4.0
402,50872,4.0
402,59315,4.5
402,60069,4.5
402,64614,4.0
402,68358,4.0
402,69757,4.5
402,73017,4.0
402,79132,4.0
402,81834,4.5
402,88125,4.5
402,89745,4.5
402,91529,4.0
402,112852,4.0
402,116797,4.0
404,4896,4.0
405,4896,4.5
405,4963,4.0
405,4979,1.5
405,4993,4.5
405,4995,4.5
405,5010,4.0
405,5299,5.0
405,5378,5.0
405,5418,4.0
405,5816,4.5
405,5952,4.5
405,5989,4.5
405,5995,5.0
405,6378,5.0
405,7153,5.0
405,8360,5.0
405,8368,4.5
406,924,5.0
406,4993,5.0
406,5618,5.0
406,7153,4.5
406,33493,4.0
406,44191,5.0
407,4306,4.0
407,4878,5.0
407,4963,4.0
407,4973,5.0
407,4979,5.0
407,4993,5.0
407,4995,4.0
407,5010,4.0
407,5418,4.0
407,5445,4.0
407,5669,4.5
407,5816,4.0
407,5902,4.5
407,5952,4.0
407,5991,5.0
407,5995,4.5
407,6502,4.5
407,6539,4.5
407,6711,5.0
407,7153,4.5
407,8368,4.0
407,8622,4.5
407,8636,4.0
407,8665,4.0
407,8784,4.0
407,8949,4.5
407,33794,4.0
407,40815,4.0
407,40819,4.0
407,48516,4.5
408,671,5.0
410,4993,5.0
410,5418,5.0
410,5952,5.0
410,8665,4.5
410,8961,4.5
412,4246,4.0
412,4306,4.0
412,4308,5.0
414,4973,5.0
414,5816,4.0
417,4306,4.5
417,4886,4.0
417,4963,4.5
417,4993,4.5
417,5010,4.5
417,5349,4.5
417,5377,5.0
417,5502,4.0
417,5952,4.5
417,5991,0.5
417,5995,5.0
417,6377,4.0
417,6539,4.0
417,6863,4.0
417,7153,4.5
417,8360,4.0
417,8376,4.5
417,8636,4.5
417,8961,4.5
418,4308,0.5
418,4896,5.0
418,4963,4.5
418,4993,5.0
418,4995,4.5
418,5218,5.0
418,5816,4.5
418,5952,4.5
418,6377,5.0
418,6874,1.5
418,6942,5.0
418,7153,5.0
418,8368,4.5
418,8961,4.0
418,33794,4.0
418,40815,4.5
419,8961,4.5
422,671,4.0
423,4886,1.5
423,5481,1.5
423,5618,5.0
423,8360,1.5
423,8376,2.0
423,8622,4.0
423,8874,4.5
423,27773,5.0
423,33794,4.0
423,48516,5.0
423,51255,4.5
423,55820,5.0
423,57669,5.0
423,58559,5.0
423,68157,4.0
423,70286,4.5
423,74458,4.0
423,79132,5.0
423,91529,4.5
423,99114,4.5
424,5952,2.0
425,4973,0.5
425,4993,4.0
425,5952,4.0
425,6377,5.0
425,6539,4.0
425,7153,4.0
425,8784,0.5
426,4370,4.0
426,4886,4.0
426,4896,4.0
426,4993,5.0
426,4995,4.5
426,5010,4.0
426,5349,4.0
426,5418,4.0
426,5679,4.5
426,5816,4.0
426,5952,5.0
426,5989,4.5
426,5995,4.5
426,6333,4.0
426,6365,4.5
426,6539,4.5
426,6874,4.0
426,6934,4.5
426,7153,5.0
426,7438,4.5
426,8368,4.0
426,8644,4.0
426,8961,4.0
426,30707,4.5
426,32587,4.0
426,33794,4.0
426,35836,4.0
426,40815,4.0
426,44191,4.0
426,45722,4.5
426,48394,4.5
426,48774,1.5
426,49272,4.0
426,51662,4.0
426,54286,4.0
426,58559,4.5
426,59315,4.5
426,60069,4.0
426,63082,4.0
426,64614,4.5
426,70286,4.0
426,78499,4.5
426,81845,4.0
427,4306,4.0
427,4878,4.0
427,4973,5.0
427,5010,5.0
427,5445,2.0
427,5502,4.0
427,5669,5.0
427,5991,5.0
427,6016,5.0
427,6377,4.0
427,6378,4.0
427,6502,4.5
427,8376,4.0
427,8622,5.0
427,8784,4.0
427,8874,4.0
427,8949,4.0
427,33166,5.0
427,44555,4.0
427,48394,4.5
427,51255,4.0
427,51662,1.0
427,55820,4.0
427,64614,1.5
427,68157,4.0
427,69757,4.0
427,70286,4.0
427,109374,4.0
428,924,5.0
428,4878,5.0
428,4886,4.0
428,4979,5.0
428,4993,4.0
428,4995,4.0
428,5378,1.5
428,5502,1.5
428,5618,5.0
428,5952,4.0
428,6377,4.0
428,6539,4.0
428,6711,4.5
428,7153,4.0
428,7361,4.5
428,8360,2.0
428,8961,4.0
428,33794,4.0
428,35836,4.0
428,45722,2.0
428,46578,4.0
428,48516,4.5
428,48780,4.5
428,56367,4.5
428,58559,5.0
428,60069,4.5
428,68157,5.0
428,68954,4.5
428,69757,4.0
428,70286,4.0
428,79132,4.5
428,80463,5.0
429,4993,2.0
429,5952,2.0
429,7153,2.0
430,4306,4.0
430,4848,5.0
430,4878,5.0
430,4886,5.0
430,4963,4.0
430,4973,5.0
430,4979,4.0
430,5349,4.0
430,5418,4.0
430,5445,4.5
430,5618,5.0
430,5669,4.5
430,5679,5.0
430,5952,4.0
430,5989,4.0
430,6016,5.0
430,6333,4.0
430,6365,4.0
430,6377,4.0
430,6502,4.5
430,6539,4.0
430,6711,5.0
430,6874,5.0
430,7147,5.0
430,7361,5.0
430,7438,5.0
430,8360,4.5
430,8622,4.0
430,8636,0.5
430,8665,0.5
430,8961,5.0
430,32587,5.0
430,33794,5.0
430,40819,1.5
430,45722,4.0
430,49272,5.0
431,4239,4.5
431,4306,4.0
431,4886,4.5
431,4963,4.0
431,4973,5.0
431,4993,4.5
431,4995,4.0
431,5349,4.0
431,5377,5.0
431,5418,5.0
431,5445,5.0
431,5952,5.0
431,5989,4.5
431,5995,4.5
431,6333,5.0
431,6377,4.0
431,6539,5.0
431,6711,4.5
431,6874,4.0
431,7153,4.5
431,7361,4.0
431,7438,4.5
431,8360,4.5
431,8636,5.0
431,8665,5.0
431,8784,4.5
431,8961,5.0
431,30707,5.0
431,30749,5.0
431,32587,4.5
431,40819,4.0
431,44191,5.0
431,45722,5.0
432,5418,4.5
432,5445,5.0
432,5481,5.0
432,5995,5.0
432,6874,5.0
432,7153,5.0
432,7438,5.0
432,32587,5.0
432,33166,4.0
432,48780,5.0
432,68157,5.0
433,924,5.0
433,4306,4.0
433,4848,4.0
433,4878,4.0
433,4886,4.0
433,4979,5.0
433,4993,5.0
433,5618,4.5
433,5902,5.0
433,5952,4.5
433,5995,4.0
433,6016,5.0
433,6377,4.0
433,6711,4.0
433,6874,4.0
433,7153,5.0
433,7361,4.5
433,8636,4.0
433,8961,4.5
433,27773,5.0
433,32587,4.0
433,33166,2.0
433,35836,4.5
433,48516,4.5
433,48774,4.5
433,50872,4.0
433,55820,5.0
433,58559,4.5
433,63082,1.0
433,68157,4.5
433,69757,4.0
433,78499,4.5
433,80463,5.0
433,89745,4.0
433,91529,0.5
433,109487,4.5
435,924,4.0
438,4993,4.0
438,27773,4.5
438,48516,4.0
438,51662,4.0
438,79132,5.0
438,99114,4.5
438,109487,5.0
439,924,2.0
439,4308,4.0
439,4963,4.0
439,4979,4.0
439,5299,1.0
439,5377,4.0
439,5378,4.0
439,5445,4.0
439,5679,5.0
439,5902,4.0
441,4973,4.0
441,4979,4.0
441,4993,5.0
441,4995,4.5
441,5669,4.0
441,5952,4.0
441,5989,4.0
441,6016,5.0
441,6874,4.0
442,4306,4.5
442,4886,4.5
442,4963,4.5
442,4993,4.5
442,4995,4.5
442,5010,4.5
442,5218,4.5
442,5669,4.0
442,6377,4.5
442,6874,4.5
442,7153,4.5
442,8360,4.5
442,8961,4.0
442,32587,4.0
442,40819,5.0
442,49530,4.0
442,50872,4.0
442,51662,4.0
442,58559,5.0
442,59315,5.0
443,5618,5.0
443,48394,5.0
443,112852,5.0
446,4896,5.0
446,4993,5.0
446,5445,4.0
446,5952,4.5
446,6333,4.5
446,7153,5.0
446,8368,5.0
446,8644,4.5
446,8665,5.0
446,40815,4.5
446,54286,5.0
446,63082,5.0
446,68954,4.0
446,70286,4.0
446,72998,4.5
446,88125,5.0
448,4993,5.0
448,5952,4.0
448,7153,5.0
448,54286,5.0
448,59315,5.0
448,68358,5.0
448,79132,5.0
448,89745,5.0
450,4306,4.0
450,4848,5.0
450,4878,5.0
450,4886,4.0
450,4963,5.0
450,4973,5.0
450,4993,1.0
450,4995,4.5
450,5445,4.0
450,5618,4.5
450,5952,1.0
450,5989,4.5
450,5995,5.0
450,6016,5.0
450,6874,4.5
450,7153,1.0
450,7361,5.0
450,8636,2.0
450,27773,4.5
450,32587,4.5
450,44191,4.0
450,48516,5.0
450,57669,5.0
450,58559,4.5
450,60069,4.5
450,63082,4.5
450,70286,4.5
450,79132,4.0
450,109374,5.0
452,4306,4.0
452,4370,4.0
452,4973,5.0
452,4995,4.0
452,5299,4.5
452,5445,4.0
452,5502,4.0
452,5669,5.0
452,5816,1.0
452,5952,1.0
452,5989,4.0
452,5995,4.0
452,6016,4.0
452,6377,4.0
452,6539,4.0
452,8622,4.0
452,8784,4.5
452,8949,2.0
452,30749,4.0
452,40819,4.0
454,5995,5.0
454,6016,5.0
454,58559,5.0
454,79132,5.0
455,5445,4.0
455,5952,4.5
456,4963,4.5
456,4973,5.0
456,4993,4.0
456,5445,4.0
456,5618,4.0
456,5952,4.0
456,6365,4.5
456,6539,4.0
456,6934,4.0
456,7153,4.0
456,8644,4.0
456,44191,5.0
456,45722,4.0
456,58559,4.0
456,59315,4.0
456,70286,1.5
456,72998,4.0
456,73017,4.0
456,91529,4.0
457,924,5.0
457,4848,4.0
457,4878,4.0
457,4886,1.0
457,4896,1.5
457,5349,1.5
457,5418,2.0
457,5445,1.5
457,5481,2.0
457,5952,0.5
457,6016,5.0
457,6333,1.0
457,6711,4.0
457,7153,0.5
457,8368,1.5
457,8636,0.5
457,8644,1.5
457,8665,2.0
457,8949,4.5
457,8961,2.0
457,27773,4.0
457,40815,1.0
457,45722,0.5
457,49272,1.5
457,54286,2.0
457,55820,5.0
457,58559,0.5
457,59315,1.0
457,72998,0.5
457,73017,1.5
457,91529,0.5
458,4306,4.0
458,4993,5.0
458,5952,5.0
458,6539,4.0
458,7153,5.0
458,7438,4.0
460,671,4.5
460,4816,4.0
460,4973,5.0
460,4979,4.0
460,5377,4.0
460,5902,4.0
460,5952,4.5
460,5991,4.5
460,6539,5.0
460,6711,4.5
460,6942,4.0
460,7153,4.5
461,4246,4.5
461,4308,4.0
461,4370,2.0
461,4816,2.0
461,4973,4.5
461,4979,4.5
461,4993,4.5
461,5349,4.0
461,5378,0.5
461,5618,4.0
461,5679,4.5
461,5952,4.5
461,6365,2.0
461,6377,4.5
461,6502,4.0
461,6874,4.0
461,6934,2.0
461,6942,4.0
461,7153,5.0
461,7438,4.0
461,8368,4.5
461,8636,4.5
461,8665,4.0
461,8874,4.0
461,8961,4.5
461,33794,4.0
461,34405,4.0
461,35836,4.0
461,40815,4.5
463,4246,4.0
463,4306,5.0
463,4308,5.0
463,4370,1.0
463,4848,4.0
463,4886,4.0
463,4963,4.0
463,4973,4.0
463,4993,5.0
463,4995,4.0
463,5299,4.0
463,5349,4.0
463,5377,4.0
463,5418,2.0
463,5445,2.0
463,5481,1.0
463,5502,4.0
463,5679,5.0
463,5816,4.0
463,5952,4.0
465,4246,4.5
465,4896,4.5
465,4995,4.0
465,5816,4.5
465,6942,4.0
465,40815,4.5
468,924,4.5
468,4239,2.0
468,4816,2.0
468,5299,2.0
468,5378,2.0
468,5991,2.0
468,5995,4.0
468,6378,2.0
468,8360,2.0
468,8644,2.0
468,27773,2.0
468,45722,2.0
468,50872,4.0
468,55820,4.5
468,60069,4.0
468,73017,1.5
468,78499,4.0
471,4886,4.0
471,4993,5.0
471,5218,4.5
471,5669,4.0
471,5679,4.0
471,5952,4.5
471,7153,5.0
471,33493,4.0
471,51662,4.0
472,924,4.0
472,4246,4.0
472,4306,4.0
472,4848,4.0
472,4886,5.0
472,4973,4.0
472,4979,2.0
472,4995,4.0
472,5299,4.0
472,5502,2.0
472,5618,5.0
472,5902,4.5
472,5991,4.0
472,5995,4.0
472,6016,4.0
472,6365,1.5
472,6377,4.0
472,6711,4.5
472,6942,4.0
472,7153,2.0
472,8949,4.0
472,44191,4.0
472,49272,4.0
473,4306,5.0
473,4886,5.0
473,4973,5.0
473,32587,5.0
473,33794,4.0
473,49272,4.5
473,50872,5.0
473,58559,5.0
473,59315,5.0
473,68157,5.0
473,72998,5.0
473,79132,5.0
473,89745,5.0
473,91529,5.0
473,99114,5.0
473,109374,5.0
473,112852,4.0
475,924,5.0
475,4306,2.0
475,4963,4.0
475,4993,5.0
475,5010,4.5
475,5218,2.0
475,5349,4.0
475,5378,2.0
475,5418,4.0
475,5481,1.5
475,5679,2.0
475,5952,5.0
475,5989,4.5
475,6016,4.5
475,6365,2.0
475,6502,4.0
475,6711,4.5
475,6863,4.0
475,6874,4.5
475,6934,2.0
475,7147,4.0
475,7153,5.0
475,7361,4.0
475,7438,4.5
475,8360,2.0
475,8368,4.0
475,8636,4.0
475,8644,2.0
475,8665,4.0
475,8874,4.0
475,8961,4.0
475,30707,4.0
475,30749,4.0
475,32587,4.0
475,40815,4.0
475,45722,2.0
475,46578,4.0
475,48516,5.0
475,48780,4.5
475,49272,5.0
475,49530,4.0
475,50872,4.5
475,51662,4.0
475,54286,4.0
475,55820,4.5
475,58559,5.0
475,59315,4.0
475,68157,4.5
475,68358,4.0
475,74458,4.5
475,78499,4.5
475,81834,4.0
475,81845,4.0
475,89745,4.0
475,99114,4.0
475,109374,4.5
475,112852,4.5
475,116797,4.0
477,5481,5.0
478,4993,5.0
478,4995,4.5
478,5952,5.0
478,5989,5.0
478,5995,5.0
478,6016,4.5
478,7153,5.0
478,7361,4.0
478,7438,4.0
478,8368,4.5
478,32587,4.5
478,48516,4.5
478,68157,4.5
478,72998,4.0
478,73017,4.0
478,74458,4.5
478,79132,5.0
478,88125,4.5
478,91529,4.0
478,99114,4.0
478,109374,4.5
478,109487,5.0
479,4306,4.0
479,4886,4.0
479,4896,4.5
479,4963,4.0
479,4993,2.0
479,4995,4.5
479,5481,4.0
479,5618,0.5
479,5816,4.0
479,5952,2.0
479,6377,4.0
479,6539,4.0
479,7153,1.0
479,7361,4.0
479,8622,4.0
479,8961,4.5
479,33794,5.0
479,49530,5.0
479,56367,5.0
479,58559,5.0
479,59315,4.0
479,63082,5.0
479,64614,4.0
479,69757,5.0
479,72998,5.0
479,73017,4.0
479,79132,5.0
479,80463,4.5
479,81834,5.0
479,81845,4.5
479,88125,5.0
479,91529,5.0
479,99114,4.0
480,4246,4.0
480,4306,5.0
480,4896,5.0
480,4993,5.0
480,5010,4.5
480,5418,5.0
480,5445,4.0
480,5481,4.5
480,5816,5.0
480,5952,5.0
480,6016,4.5
480,6377,4.5
480,6502,4.5
480,6539,4.5
480,6874,4.0
480,6942,4.5
480,7153,5.0
480,7254,4.5
480,7438,2.0
480,8368,5.0
480,8644,4.0
480,8665,5.0
480,8874,5.0
480,8949,0.5
480,27773,5.0
480,30707,1.5
480,32587,5.0
480,33794,4.0
480,34405,5.0
480,40815,5.0
480,40819,4.0
480,44555,4.0
480,46578,5.0
480,48516,5.0
480,48774,4.5
480,48780,5.0
480,49530,5.0
480,51255,5.0
480,54286,5.0
480,55820,4.5
480,57669,5.0
480,58559,4.0
480,60069,4.0
480,69757,4.0
480,70286,4.5
480,72998,5.0
480,73017,5.0
480,74458,4.0
480,79132,5.0
480,80463,4.5
480,81834,4.5
480,81845,5.0
480,88125,4.5
480,89745,5.0
481,924,5.0
481,4246,5.0
481,4848,4.5
481,4886,4.5
481,4973,5.0
481,4993,5.0
481,5418,5.0
481,5618,5.0
481,5902,4.5
481,5952,4.0
481,5989,4.0
481,6016,5.0
481,6333,1.0
481,6377,5.0
481,6711,4.5
481,6863,4.0
481,6874,5.0
481,7147,4.0
481,7153,4.0
481,7254,4.0
481,7361,5.0
481,7438,5.0
481,8665,5.0
481,8949,4.0
481,27773,5.0
481,30707,4.5
481,30749,4.5
481,32587,4.0
481,33166,4.0
481,40819,4.5
481,44555,5.0
481,46578,5.0
481,48394,5.0
481,48516,4.5
481,50872,4.5
481,54286,5.0
481,55820,5.0
481,56367,5.0
481,60069,4.5
481,63082,4.0
481,64614,4.5
481,68157,5.0
481,68954,4.0
481,74458,4.0
481,78499,4.5
481,79132,4.0
481,88125,4.0
481,99114,5.0
481,109487,4.5
483,4878,4.0
483,4993,4.0
483,5378,0.5
483,5418,5.0
483,5952,4.0
483,6333,0.5
483,6365,0.5
483,7153,4.0
483,7438,1.0
483,8644,1.0
483,8665,5.0
483,8874,4.0
483,33493,1.0
483,34405,0.5
483,49530,4.0
483,54286,4.0
483,58559,4.0
483,59315,5.0
483,68358,1.0
483,70286,5.0
485,5991,4.0
486,924,5.0
486,4816,5.0
486,4973,2.0
486,4979,5.0
486,5902,4.0
486,7361,4.5
486,8874,4.0
486,8949,4.0
486,68954,5.0
486,70286,4.0
486,73017,4.0
486,78499,5.0
486,109374,4.0
486,112852,2.0
488,4878,4.5
488,5618,5.0
488,5995,4.5
488,6016,4.5
488,7361,4.5
488,46578,4.5
488,48394,4.0
488,48774,4.0
488,70286,5.0
489,924,4.0
494,5418,4.0
494,30707,4.0
494,34405,4.0
494,48516,4.5
494,48774,4.0
494,48780,4.0
494,49272,4.0
494,54286,4.0
494,60069,4.0
494,68157,4.0
498,5378,0.5
498,5481,1.5
500,4246,4.0
500,4370,2.0
500,4816,4.0
500,4973,4.5
500,4993,1.5
500,5218,2.0
500,5679,0.5
500,5952,1.0
500,5989,4.0
500,5995,4.0
500,6539,4.0
500,6942,4.5
500,7147,4.0
500,8949,1.0
500,30749,1.5
500,35836,2.0
500,46578,4.0
500,51662,2.0
500,56367,4.5
500,60069,2.0
500,69757,4.0
501,4306,4.5
501,4886,4.0
501,4896,4.0
501,4963,4.5
501,4973,4.0
501,4993,4.5
501,5669,4.0
501,5952,4.0
501,5989,5.0
501,6016,5.0
501,6377,4.0
501,6863,5.0
501,7153,4.5
501,7254,4.5
501,7361,5.0
501,8360,4.0
501,8644,4.0
501,8961,4.5
501,46578,4.5
501,48516,5.0
501,50872,4.0
501,51662,4.0
501,55820,4.0
501,56367,4.5
501,57669,4.5
501,60069,4.0
501,63082,4.0
501,64614,4.5
501,68157,5.0
501,68954,4.5
501,70286,4.5
501,72998,4.5
501,74458,5.0
501,78499,5.0
501,79132,5.0
501,80463,4.0
501,81845,4.5
502,671,5.0
503,4973,4.0
503,50872,4.0
503,58559,4.0
503,59315,4.0
503,60069,4.0
503,78499,4.0
503,81845,4.0
503,89745,4.0
503,112852,4.0
505,4370,0.5
505,6377,4.0
505,48394,1.0
505,48780,1.0
505,60069,2.0
507,671,5.0
509,924,4.0
509,4306,4.0
509,4308,1.0
509,4878,4.0
509,4886,4.5
509,4963,2.0
509,4973,4.0
509,4979,4.0
509,4993,4.5
509,5010,4.0
509,5445,4.0
509,5669,4.5
509,5902,4.0
509,5952,5.0
509,6016,4.5
509,6365,4.0
509,6539,4.0
509,6711,4.0
509,6934,4.0
509,7147,2.0
509,7153,4.5
509,7438,4.0
509,8376,4.0
509,8622,4.0
509,8874,2.0
509,8949,4.0
509,8961,4.5
509,30707,4.0
509,32587,1.5
509,33794,4.5
512,4963,4.5
512,5989,5.0
512,60069,4.0
512,63082,4.5
512,72998,4.0
512,74458,5.0
512,79132,5.0
512,116797,5.0
514,924,5.0
515,4886,5.0
515,4995,4.5
515,30707,5.0
515,33794,4.5
515,48516,4.0
515,54286,5.0
515,56367,4.0
515,58559,4.0
515,59315,4.5
515,69757,4.0
515,70286,5.0
515,72998,5.0
515,80463,5.0
519,924,5.0
519,4973,5.0
519,4979,4.5
519,4993,4.5
519,5618,5.0
519,5669,4.5
519,6711,5.0
519,6874,4.5
519,7361,4.5
519,7438,4.5
519,8874,4.5
519,27773,5.0
519,32587,5.0
519,35836,4.5
519,46578,4.0
519,51255,4.0
519,68157,4.5
519,99114,4.5
519,109374,5.0
520,4306,2.0
520,4370,2.0
520,4886,4.5
520,4973,5.0
520,4993,5.0
520,5816,4.5
520,5952,4.0
520,5989,4.0
520,7153,4.0
520,7438,4.0
520,8360,1.5
520,8961,4.0
520,30707,4.5
520,30749,4.5
520,33166,4.5
520,40815,4.0
521,4993,4.5
521,44555,5.0
521,48516,4.0
521,58559,4.5
521,79132,4.0
522,4239,4.5
522,4816,4.5
522,4963,4.0
522,4979,1.5
522,4993,4.0
522,4995,4.5
522,5989,4.5
522,6863,4.0
522,6874,4.0
522,7438,4.0
522,32587,4.0
522,44191,4.0
522,48516,4.5
522,64614,4.0
522,68157,4.5
522,80463,4.0
522,91529,4.5
522,99114,4.0
523,4896,4.0
523,4963,4.0
523,4993,4.5
523,4995,4.5
523,5349,4.0
523,5418,4.5
523,5445,4.0
523,5952,4.5
523,5989,4.0
523,6365,4.0
523,6377,4.0
523,6539,4.5
523,6711,4.0
523,6874,4.0
523,7153,4.5
523,8961,4.5
524,4239,4.5
524,4878,5.0
524,4896,4.5
524,4963,4.0
524,5816,4.5
524,6502,4.5
524,8368,4.5
524,8874,5.0
524,33794,4.0
524,40815,4.5
524,48780,4.5
524,51662,4.0
524,57669,4.5
524,58559,4.0
525,924,5.0
525,4306,5.0
525,4896,4.0
525,4993,5.0
525,5349,4.0
525,5378,5.0
526,4370,4.5
526,4995,5.0
526,5445,5.0
526,5502,4.5
526,5679,4.0
526,6333,4.0
526,8368,4.0
526,8961,4.0
526,50872,4.5
526,60069,4.5
526,79132,4.0
526,109487,5.0
527,4886,1.5
527,4993,4.5
527,5349,2.0
527,6502,5.0
527,35836,4.5
527,48516,5.0
527,51662,2.0
527,68358,4.0
528,4993,4.0
528,6378,4.0
528,8636,4.0
528,27773,4.0
528,34405,4.0
528,40819,4.0
529,924,4.0
529,4973,4.0
529,5991,5.0
529,5995,4.0
529,6377,4.0
529,8961,4.5
529,30749,4.0
529,33166,2.0
529,44555,4.0
529,56367,4.0
529,78499,4.0
529,81845,4.0
529,109374,4.5
531,4246,4.0
531,4306,4.5
531,4896,1.0
531,4963,4.0
531,4973,4.5
531,4993,0.5
531,5349,2.0
531,5952,1.0
531,6377,4.0
531,6539,4.0
531,6711,1.0
531,6863,5.0
531,6942,4.5
531,7361,0.5
531,8360,4.0
531,63082,4.0
532,4993,4.5
532,5349,4.5
532,5952,4.5
532,6377,4.5
532,7153,5.0
537,924,5.0
540,4973,4.5
540,5218,4.0
540,48516,4.5
540,48774,2.0
542,4306,4.5
542,4886,5.0
542,4896,4.5
542,4973,5.0
542,4993,4.0
542,5218,2.0
542,5445,4.5
542,5952,4.0
542,6377,5.0
542,6539,4.5
542,7153,4.5
542,40815,4.0
542,46578,1.0
542,50872,5.0
542,58559,5.0
542,59315,4.5
542,60069,4.5
542,68954,5.0
542,78499,5.0
542,81834,5.0
542,88125,5.0
542,91529,5.0
542,109374,5.0
542,116797,4.5
544,924,5.0
544,4246,4.0
544,4370,4.0
544,4848,4.5
544,4963,4.5
544,4993,4.0
544,4995,4.5
544,5010,5.0
544,5502,4.5
544,5952,4.0
544,6016,4.5
544,6502,4.0
544,6711,4.0
544,6863,4.0
544,6874,4.5
544,7153,4.0
544,7438,4.5
544,30749,4.0
544,33493,4.0
544,33794,4.5
544,40819,4.5
544,44191,4.5
544,44555,5.0
544,46578,4.0
544,48774,4.5
544,49272,4.0
544,51662,4.0
544,54286,4.0
544,55820,4.5
544,56367,5.0
544,58559,4.5
544,59315,4.0
544,68157,4.0
544,70286,4.5
544,79132,4.0
544,80463,4.0
544,91529,4.5
546,4370,4.0
546,4816,5.0
546,5445,4.0
546,5481,5.0
546,7153,5.0
546,8622,0.5
546,48780,5.0
546,58559,5.0
546,79132,5.0
547,671,4.0
547,924,5.0
547,4246,2.0
547,4308,4.0
547,4816,4.0
547,4848,4.0
547,4963,4.5
547,4973,4.5
547,4995,4.0
547,5377,4.0
547,5418,4.0
547,5502,4.0
547,5669,4.0
547,5679,4.0
547,5902,5.0
547,5989,4.0
547,5995,4.0
547,6016,4.0
547,6711,4.0
547,6942,4.0
547,7147,4.0
547,7361,4.5
547,8784,4.0
547,8949,5.0
547,30707,5.0
547,30749,4.5
547,33166,4.0
547,40819,4.5
547,44555,5.0
547,46578,4.5
547,48516,5.0
547,48774,4.5
547,55820,4.5
547,56367,4.5
547,57669,5.0
547,60069,5.0
547,63082,4.5
547,64614,4.0
547,68157,4.0
547,70286,4.5
547,72998,4.0
547,74458,4.0
547,78499,4.5
547,79132,4.0
547,80463,4.0
547,81845,4.0
547,89745,2.0
547,99114,4.0
547,109374,4.5
547,112852,4.0
548,671,4.0
549,671,5.0
553,4306,4.0
553,4896,4.5
553,4993,5.0
553,4995,4.5
553,5010,4.0
553,5218,4.0
553,5349,4.0
553,5378,5.0
553,5418,4.0
553,5816,4.5
553,5952,5.0
553,6016,4.0
553,6333,4.0
553,6365,4.0
553,6377,4.5
553,6378,4.0
553,6539,4.0
553,7153,5.0
553,8360,4.0
553,8368,4.0
553,8636,4.0
553,8644,4.0
553,8665,4.0
553,8874,4.0
553,33493,5.0
553,33794,5.0
553,34405,4.0
553,35836,4.0
553,40815,4.5
553,44191,4.0
553,45722,4.0
553,48516,4.5
553,48780,4.5
553,49272,4.0
553,49530,4.0
553,51255,4.0
553,51662,5.0
553,54286,4.0
553,55820,4.5
553,56367,2.0
553,58559,5.0
553,59315,5.0
553,68358,5.0
553,72998,4.0
553,73017,5.0
553,79132,4.0
553,81834,4.0
553,88125,4.0
553,89745,5.0
553,91529,5.0
553,99114,4.0
553,112852,5.0
554,4993,4.0
557,5481,4.0
557,35836,2.0
558,924,5.0
558,4239,4.0
558,4246,5.0
558,4306,5.0
558,4370,5.0
558,4848,5.0
558,4995,5.0
559,671,4.0
561,4308,4.0
561,4878,4.5
561,4896,4.0
561,4963,5.0
561,4993,5.0
561,5349,4.0
561,5502,2.0
561,5618,4.0
561,5816,4.0
561,5952,5.0
561,5991,4.5
561,6502,4.0
561,6539,4.5
561,6711,2.0
561,6863,4.0
561,6874,4.5
561,6942,4.0
561,7153,5.0
561,7361,4.0
561,7438,4.5
561,8368,4.0
561,8376,2.0
561,8622,1.0
561,8874,4.0
561,8961,4.5
561,33794,4.5
561,34405,4.5
561,35836,4.5
561,44191,4.0
561,45722,4.5
561,48516,4.0
561,49272,4.5
561,51662,4.5
562,4246,4.0
562,4306,4.0
562,4886,4.0
562,4896,4.5
562,4963,5.0
562,4973,4.0
562,4993,5.0
562,5349,5.0
562,5378,5.0
562,5418,4.0
562,5445,4.0
562,5816,4.5
562,5952,5.0
562,5989,4.0
562,5991,4.0
562,6333,4.5
562,6365,4.0
562,6377,4.0
562,6539,4.5
562,6863,4.0
562,7147,4.0
562,7153,5.0
562,8360,4.0
562,8368,4.5
562,8636,4.5
562,8644,4.0
562,8961,4.5
562,32587,4.0
562,33493,5.0
562,33794,4.5
562,35836,4.5
562,40815,4.5
562,40819,4.0
562,44191,4.0
562,45722,4.5
563,924,5.0
563,4306,5.0
563,5010,4.5
563,5445,4.0
563,5618,4.5
563,33166,4.5
563,33794,4.0
563,44191,4.0
563,48394,4.0
563,51255,4.0
563,57669,4.5
563,58559,4.0
563,59315,4.5
563,60069,4.0
563,68157,4.5
563,68954,4.0
563,70286,4.0
563,73017,4.0
563,74458,4.0
563,79132,4.0
563,91529,4.0
563,99114,4.5
563,109487,5.0
563,116797,5.0
564,671,4.0
566,54286,5.0
566,58559,5.0
566,59315,5.0
566,89745,4.5
567,924,4.0
567,44191,4.5
567,44555,5.0
567,48516,5.0
569,924,2.0
570,4306,1.5
570,4896,4.0
570,4993,5.0
570,5378,2.0
570,5445,5.0
570,5952,5.0
570,6378,4.5
570,6539,4.0
570,6874,4.0
570,7153,5.0
570,8368,4.5
570,8961,2.0
570,33794,2.0
570,40815,4.5
570,48774,4.0
570,49272,5.0
570,54286,5.0
570,58559,1.5
570,68358,1.5
570,73017,5.0
570,81834,4.5
570,112852,1.5
570,116797,5.0
571,4973,4.5
571,51662,4.0
572,4993,4.5
572,5952,4.5
572,6378,4.0
572,7153,4.0
572,48516,4.5
572,48780,4.5
572,58559,5.0
572,68954,4.5
572,99114,4.0
572,109487,4.5
574,4886,4.0
574,4979,4.0
574,4993,4.0
574,5418,4.0
574,5481,2.0
574,6016,4.5
574,6377,4.0
574,6711,4.5
574,6874,4.0
574,7438,4.0
574,8665,4.0
574,8784,4.5
574,30707,4.0
574,32587,4.0
574,33166,4.0
574,40819,4.5
574,44191,4.0
574,46578,4.5
574,48516,4.5
574,49272,4.0
574,49530,4.0
574,50872,4.0
574,54286,4.0
574,55820,4.5
574,56367,4.5
574,57669,4.5
574,58559,4.0
574,59315,4.0
574,60069,4.0
574,63082,4.0
574,64614,4.0
574,68358,4.0
575,924,2.0
575,4306,5.0
575,4896,5.0
575,4993,5.0
576,924,4.0
577,4306,5.0
577,4886,5.0
577,4896,4.5
577,4963,4.5
577,4993,5.0
577,5218,4.5
577,5349,4.5
577,5378,4.5
577,5502,4.0
577,5618,5.0
577,5816,4.5
577,5952,5.0
577,6333,4.5
577,6377,5.0
577,6539,5.0
577,7153,5.0
577,7361,5.0
577,8360,5.0
577,8368,4.5
577,8665,5.0
577,8949,5.0
577,8961,5.0
577,33493,5.0
578,6377,4.0
578,63082,5.0
578,74458,5.0
578,79132,2.0
580,671,4.0
580,4306,4.0
580,4308,4.0
580,4816,4.5
580,4878,5.0
580,4886,4.0
580,4963,1.5
580,4973,4.5
580,4979,4.0
580,4993,4.5
580,4995,4.0
580,5299,4.0
580,5349,4.5
580,5502,0.5
580,5618,4.5
580,5669,4.0
580,5902,4.5
580,5952,4.0
580,6333,4.5
580,6377,4.0
580,6502,4.0
580,6711,4.5
580,6934,2.0
580,7147,4.0
580,7153,4.5
580,7361,4.5
580,8368,4.0
580,8376,4.5
580,8622,2.0
580,8636,4.0
580,8874,4.0
580,8961,4.5
580,30707,4.5
580,33166,4.0
580,33794,4.5
580,34405,4.5
580,35836,4.0
580,44555,4.0
580,45722,2.0
580,46578,4.0
580,48394,4.0
580,48780,4.0
580,49530,4.0
580,50872,4.0
580,51255,4.0
580,55820,4.0
580,56367,4.0
580,57669,4.0
580,58559,5.0
580,59315,4.0
580,60069,4.0
580,68358,4.5
580,68954,4.0
580,73017,4.0
580,74458,4.0
581,924,0.5
581,4973,0.5
582,4246,1.0
582,4306,4.0
582,4308,5.0
582,4993,4.0
582,4995,4.0
582,5349,4.0
582,5377,1.0
582,5502,4.0
582,5952,4.0
582,5991,4.5
582,6378,4.0
582,6539,4.5
582,7153,4.0
582,8376,1.0
583,6016,4.5
583,58559,5.0
583,79132,4.5
583,91529,4.0
583,99114,4.0
583,109487,4.5
584,4239,4.0
584,4306,5.0
584,4886,5.0
584,4963,5.0
584,4993,5.0
584,4995,4.0
584,5349,4.0
584,5418,5.0
584,5952,5.0
584,5989,4.0
584,5995,5.0
584,6016,4.5
584,6377,5.0
584,6539,4.0
584,7153,5.0
584,7361,5.0
584,8665,5.0
584,30707,5.0
584,33794,5.0
584,44555,5.0
584,48516,4.0
584,48780,5.0
584,49272,4.0
584,49530,4.0
584,50872,5.0
584,51255,5.0
584,54286,5.0
584,58559,5.0
584,59315,4.0
584,60069,5.0
584,63082,5.0
584,64614,5.0
584,68358,5.0
584,68954,5.0
584,69757,5.0
584,70286,5.0
584,72998,5.0
584,73017,5.0
584,74458,5.0
585,924,5.0
586,4306,4.0
586,4963,4.5
586,4993,5.0
586,4995,5.0
586,5349,1.0
586,5445,5.0
586,5952,5.0
586,6539,1.0
586,6711,4.0
586,6874,5.0
586,7153,5.0
586,33493,1.0
586,48516,4.0
586,54286,5.0
587,924,4.0
587,4306,4.0
587,5418,4.0
587,5481,0.5
587,5902,4.0
587,5952,4.0
587,5989,4.0
587,5995,4.5
587,6016,4.5
587,7153,4.0
587,7361,4.0
587,8949,4.0
587,30707,4.5
587,30749,4.0
587,44555,4.5
587,49272,4.0
591,5299,4.5
596,4878,4.5
596,4963,4.5
596,4973,5.0
596,4979,4.0
596,4995,4.0
596,5010,4.0
596,5502,2.0
596,5669,4.5
596,5679,4.0
596,5989,4.5
596,5995,5.0
596,6016,5.0
596,6502,4.0
596,6539,4.5
596,6711,5.0
596,6874,5.0
596,7254,4.5
596,7361,5.0
596,7438,4.5
596,8376,4.5
596,8622,4.0
596,8665,2.0
596,8784,4.0
596,8949,4.0
596,8961,4.0
596,30707,4.5
596,30749,4.5
596,33166,5.0
596,40819,4.5
596,44555,5.0
596,48394,4.5
596,48516,4.0
597,671,4.0
597,924,4.0
598,924,4.0
598,4306,4.0
598,4308,4.0
598,4816,2.0
598,4886,4.0
598,4896,4.0
598,4963,4.0
598,4979,4.0
598,4993,5.0
598,4995,4.0
598,5377,4.5
598,5481,4.0
598,5502,4.0
598,5669,5.0
598,5816,4.0
598,5952,4.5
598,5989,4.5
598,6333,4.0
598,6377,4.5
598,6539,5.0
599,4246,5.0
599,4816,4.0
599,4896,5.0
599,4973,0.5
599,4993,4.0
599,5377,4.0
599,5816,5.0
599,7153,4.0
599,8368,5.0
599,40815,5.0
599,60069,4.0
599,69757,4.5
599,78499,5.0
599,80463,4.0
599,81834,5.0
599,81845,5.0
599,88125,5.0
599,89745,5.0
599,91529,4.0
600,4886,5.0
600,5618,4.5
600,6377,4.0
600,50872,4.5
600,68954,5.0
600,79132,5.0
600,81845,4.5
600,116797,4.5
601,6016,4.5
601,6502,4.0
601,7361,5.0
601,27773,5.0
601,34405,4.0
601,48516,4.5
601,48774,5.0
601,48780,4.5
601,58559,4.5
601,63082,4.0
601,68358,4.0
601,69757,4.0
605,924,1.0
606,4878,4.0
606,4979,5.0
606,6711,4.5
606,6874,5.0
606,7438,5.0
606,79132,4.0
607,4306,4.5
607,4886,4.5
607,4896,4.5
607,4963,4.5
607,4993,4.5
607,5218,4.0
607,5299,4.0
607,5349,4.5
607,5418,4.5
607,5445,4.0
607,5816,4.5
607,5952,4.5
607,5989,4.0
607,6333,4.5
607,6365,4.0
607,6377,4.5
607,6378,4.5
607,6539,5.0
607,6874,4.5
607,7153,4.5
607,7438,4.5
607,8360,4.0
607,8368,4.5
607,8376,0.5
607,8636,4.5
607,8644,4.0
607,8665,4.0
607,8961,4.5
607,32587,5.0
607,33493,4.5
607,33794,5.0
607,34405,5.0
607,40815,4.0
608,924,5.0
610,4848,4.0
610,4973,4.5
610,4979,4.5
610,5989,4.0
610,5995,4.0
610,6016,4.5
610,6711,5.0
610,6942,2.0
610,7361,4.5
610,8874,4.0
610,27773,5.0
610,30749,4.0
610,44555,4.0
610,46578,4.5
610,48516,4.0
610,48780,4.0
610,56367,4.0
610,57669,5.0
610,63082,4.0
610,69757,4.0
611,4963,4.0
611,6539,5.0
611,45722,5.0
612,4963,4.0
612,4993,4.5
612,5378,4.0
612,5679,4.0
612,40815,4.0
612,49530,4.5
612,63082,4.5
612,80463,4.0
612,99114,4.0
613,4993,4.5
613,5952,4.5
613,6333,4.0
613,6874,4.0
613,7153,4.5
613,7438,4.0
613,8961,5.0
613,49272,4.0
615,4306,4.0
615,4308,4.0
615,4370,4.0
615,4886,4.5
615,4995,4.0
615,5010,5.0
615,5418,4.0
615,5445,4.0
615,5952,4.0
615,5989,4.0
615,6016,4.5
615,6377,4.5
615,6502,5.0
615,6711,4.0
615,6874,4.5
615,6942,4.0
615,7153,4.0
615,7361,4.0
615,7438,4.0
615,8636,1.5
615,8784,2.0
615,8874,5.0
615,8961,4.0
615,27773,4.0
615,30707,4.0
615,32587,4.5
615,33794,4.0
615,34405,4.0
615,46578,4.5
615,48394,5.0
615,48516,4.0
615,48774,4.5
615,48780,5.0
615,49272,4.5
615,51255,4.0
615,51662,4.0
615,55820,4.0
615,56367,4.0
615,57669,5.0
615,58559,4.5
615,60069,5.0
615,68157,4.5
615,68954,4.5
615,69757,4.5
615,70286,4.0
615,72998,4.0
615,78499,4.5
615,79132,4.0
615,81845,4.0
615,89745,4.0
615,99114,4.5
615,109374,5.0
615,112852,4.5
618,4306,4.0
618,4308,4.0
618,4973,4.0
620,924,4.0
620,4239,2.0
620,4306,1.5
620,4308,4.0
620,4973,4.5
620,4979,4.0
620,4993,0.5
620,5299,0.5
620,5378,4.0
620,5816,4.5
620,5952,1.0
620,6377,1.0
620,6711,4.5
620,6863,4.0
620,6942,1.5
620,7153,1.0
620,7361,4.5
620,8368,4.5
620,8961,4.0
620,30707,1.5
620,40815,4.0
620,40819,4.0
620,44191,4.0
620,45722,0.5
620,46578,4.0
620,50872,5.0
620,51662,1.5
620,68954,4.5
620,72998,2.0
620,73017,4.0
620,74458,0.5
620,81834,4.0
620,88125,4.0
620,109374,4.0
621,4306,4.0
621,4993,5.0
621,5952,4.5
621,7153,5.0
621,8961,1.0
622,4993,5.0
622,7153,5.0
622,7438,2.0
622,8360,4.5
622,8636,5.0
622,8961,5.0
622,33794,5.0
622,44191,5.0
622,48394,5.0
622,58559,5.0
622,64614,5.0
622,99114,4.5
622,109487,5.0
622,112852,5.0
623,4306,4.5
623,4816,4.5
623,4878,5.0
623,4963,4.5
623,4973,5.0
623,5349,4.0
623,5418,4.0
623,5952,5.0
623,5989,4.0
623,6016,5.0
623,6377,4.0
623,6539,4.5
623,6874,4.0
623,7153,5.0
623,7361,4.5
623,7438,4.0
623,8665,4.0
623,8961,4.0
623,33794,5.0
623,45722,4.0
623,46578,5.0
623,48516,4.5
623,50872,4.0
623,51662,4.0
623,57669,5.0
623,58559,5.0
623,59315,4.5
623,60069,4.0
624,671,5.0
624,924,4.0
624,4878,4.0
624,4886,4.0
624,4963,4.0
624,4993,4.0
624,5010,4.0
624,5299,4.0
624,5349,4.0
624,5445,4.0
624,5481,4.0
624,5669,4.0
624,5952,4.0
624,5989,4.0
624,6016,5.0
624,6333,4.0
624,6365,1.5
624,6863,4.0
624,6874,4.0
624,7153,4.5
624,8636,5.0
624,8874,4.0
624,8949,4.0
624,8961,4.5
624,30707,4.5
624,32587,4.0
624,33166,4.0
624,35836,4.0
624,46578,4.0
624,48516,4.0
624,49272,4.5
624,51255,4.5
624,57669,4.0
624,59315,4.0
624,73017,4.0
624,74458,4.0
624,78499,5.0
624,79132,4.0
624,80463,4.0
624,81845,4.5
625,4816,1.5
625,4878,4.0
625,4973,4.0
625,4995,5.0
625,5618,4.0
625,5989,5.0
625,8368,4.0
625,44191,5.0
625,48774,4.0
625,50872,4.0
625,63082,4.0
625,68358,4.5
625,68954,4.0
625,72998,4.0
625,73017,4.5
625,74458,4.5
625,79132,5.0
625,99114,4.0
625,109374,4.5
625,109487,5.0
625,116797,5.0
627,4896,4.0
627,4963,4.0
627,4993,4.5
627,5010,2.0
627,5218,4.0
627,5418,4.0
627,5669,4.0
627,5816,4.0
627,5952,4.5
627,6539,4.0
627,6863,2.0
627,6942,4.0
627,7254,5.0
627,8368,4.0
627,8622,4.5
627,30707,2.0
627,33166,5.0
627,33794,4.0
627,40815,4.0
627,44191,4.5
627,48516,4.0
627,49272,4.0
627,49530,4.0
627,51255,4.0
627,51662,4.5
628,4878,4.0
628,8874,4.0
628,27773,5.0
628,44555,4.0
628,48394,4.0
628,57669,2.0
628,69757,2.0
630,4973,5.0
632,4306,5.0
632,4963,4.5
632,8961,4.0
632,33794,4.0
632,58559,5.0
632,59315,5.0
632,68157,4.5
642,924,4.0
643,58559,5.0
645,5816,4.0
645,6333,4.5
648,4896,2.0
648,4973,4.0
648,4993,1.5
648,4995,4.5
648,5669,4.0
648,5952,1.5
648,6016,4.5
648,6377,4.5
648,6539,4.0
648,6711,4.0
648,7361,4.0
648,8376,4.0
648,8961,4.0
648,30749,5.0
648,32587,4.0
648,33166,4.0
648,40819,4.0
648,45722,4.0
648,48394,2.0
648,49530,4.0
648,51255,4.5
648,63082,4.0
652,4246,4.0
652,5349,4.0
652,5377,5.0
652,57669,4.0
652,89745,5.0
654,671,4.0
654,924,4.0
654,4246,4.0
654,4306,5.0
654,4308,2.0
654,4370,4.0
654,4878,5.0
654,4886,5.0
654,4896,4.0
654,4963,4.0
654,4993,5.0
654,4995,5.0
654,5299,4.5
654,5349,5.0
654,5377,4.5
654,5378,4.0
654,5445,4.5
654,5481,4.0
654,5502,4.5
654,5679,4.0
654,5816,4.5
654,5952,5.0
654,5989,4.5
654,5991,4.5
654,6333,4.5
654,6365,4.0
654,6377,5.0
654,6378,4.0
654,6502,4.0
654,6539,4.5
654,6863,4.5
654,6874,4.5
654,6934,4.0
654,6942,5.0
654,7147,5.0
654,7153,5.0
654,7254,4.0
654,7361,4.0
654,7438,4.0
654,8360,4.5
654,8368,5.0
654,8376,4.5
654,8622,1.5
654,8636,5.0
654,8784,4.5
654,8961,5.0
654,30707,4.0
654,32587,4.5
654,33166,4.5
654,33493,4.5
654,33794,4.5
654,34405,4.5
654,35836,5.0
654,40815,5.0
654,40819,4.5
654,44191,4.5
655,4306,4.5
655,4993,5.0
655,5952,5.0
655,5991,4.0
655,6539,5.0
655,6874,5.0
655,7153,5.0
655,7254,2.0
655,8874,4.0
655,32587,5.0
655,45722,5.0
655,46578,1.0
655,58559,5.0
655,72998,4.0
655,79132,2.0
660,4993,4.0
660,5952,4.0
660,6874,4.5
660,7153,4.5
660,8961,4.0
660,30707,4.0
660,33493,4.5
660,40815,4.5
660,49272,4.5
660,58559,4.5
660,59315,4.5
660,60069,5.0
660,68157,4.5
660,68358,4.5
660,68954,4.5
660,70286,5.0
660,72998,4.0
660,73017,4.5
660,79132,4.5
660,81834,4.5
660,88125,4.5
660,89745,4.5
660,99114,5.0
660,109487,4.5
660,112852,5.0
661,5952,5.0
661,7153,5.0
661,8961,4.0
661,46578,5.0
661,48516,4.0
664,924,4.0
664,4239,4.0
664,4306,4.0
664,4370,4.0
664,4816,4.0
664,4878,4.5
664,4993,4.0
664,5010,4.0
664,5349,4.0
664,5418,4.0
664,5445,4.5
664,5618,4.5
664,5669,4.0
664,5679,4.0
664,5952,4.0
664,6016,4.0
664,6365,4.0
664,6539,4.0
664,6874,4.0
664,7147,4.0
664,7153,4.0
664,7254,4.5
664,7361,4.0
664,7438,4.0
664,8636,4.0
664,8784,4.5
664,8874,4.0
664,8961,4.0
664,30707,4.5
664,30749,4.5
664,32587,4.5
664,33794,4.0
664,34405,4.0
664,44191,4.5
664,48394,4.0
664,48516,4.5
664,48780,4.0
664,49530,4.5
664,51662,4.0
664,58559,4.5
664,59315,4.0
664,63082,4.0
664,64614,4.5
664,68157,4.0
664,68358,4.0
664,68954,4.0
664,70286,4.5
664,72998,4.0
664,73017,4.0
664,74458,4.5
664,78499,4.0
664,79132,5.0
664,80463,4.0
664,89745,5.0
664,91529,4.5
664,99114,4.0
664,109487,4.5
664,112852,4.5
664,116797,4.0
665,4306,5.0
665,4308,5.0
665,4370,2.0
665,4896,5.0
665,4993,5.0
665,5377,4.0
665,5378,4.0
665,5502,4.0
665,5952,5.0
665,5991,4.0
671,4306,5.0
671,4886,5.0
671,4896,5.0
671,4963,4.5
671,4973,4.5
671,4993,5.0
671,4995,4.0
671,5010,2.0
671,5218,2.0
671,5349,4.0
671,5377,4.0
671,5445,4.5
671,5669,4.0
671,5816,4.0
671,5952,5.0
671,5989,4.0
671,5991,4.5
671,5995,4.0
671,6365,4.0
